alert_id,station_id,station,latitude,longitude,timestamp,pm25,pm10,no2,so2,co,o3,local_hour,day_of_week,month,hour_sin,hour_cos,dow_sin,dow_cos,pm25_lag_1h,pm10_lag_1h,no2_lag_1h,so2_lag_1h,co_lag_1h,o3_lag_1h,pm25_lag_3h,pm10_lag_3h,no2_lag_3h,so2_lag_3h,co_lag_3h,o3_lag_3h,pm25_lag_6h,pm10_lag_6h,no2_lag_6h,so2_lag_6h,co_lag_6h,o3_lag_6h,target_pm25_3h,predicted_pm25_3h,forecast_target_timestamp,hotspot_score,risk_level,recent_event_count,recent_event_score,recent_source_context,recent_event_priority,recent_event_evidence,forecast_risk,current_pm25,alert_priority,alert_reason,recommended_action,data_status,snapshot_type
ALT-0033,5585,"Ashok Nagar, Udaipur - RSPCB",24.59,73.63,2026-09-17 13:30:00+00:00,57.6,128.0,15.1,6.94,1.24,21.3,19,3,9,-0.9659258262890684,0.2588190451025203,0.4338837391175582,-0.900968867902419,44.0,119.0,14.3,4.99,1.31,17.4,30.6,88.4,16.8,5.06,0.813,19.7,40.9,81.2,11.6,3.12,0.793,20.8,,49.89,2026-09-17 16:30:00+00:00,0.73,MODERATE,0,0.0,NONE,NONE,NONE,MODERATE,57.6,MODERATE,moderate hotspot score; moderate 3-hour PM2.5 forecast,Continue enhanced monitoring and review supporting environmental evidence.,Latest available synchronized dataset,MODEL_REPLAY
ALT-0035,3409376,"Central Academy for SFS, Byrnihat - PCBA",26.07,91.87,2026-09-17 13:30:00+00:00,50.0,77.0,6.78,25.3,1.26,17.8,19,3,9,-0.9659258262890684,0.2588190451025203,0.4338837391175582,-0.900968867902419,50.8,78.3,7.53,25.3,1.4,18.1,55.8,86.3,6.68,25.4,1.24,19.9,58.5,90.5,6.75,25.5,1.26,20.8,,48.18,2026-09-17 16:30:00+00:00,0.66,MODERATE,1,0.59,POTENTIAL_DOMESTIC_TRANSPORT,HIGH,LIMITED,MODERATE,50.0,MODERATE,moderate hotspot score; moderate 3-hour PM2.5 forecast; recent satellite-linked event: potential domestic transport,Continue enhanced monitoring and review supporting environmental evidence.,Latest available synchronized dataset,MODEL_REPLAY
ALT-0009,5542,"Civil Line, Jalandhar - PPCB",31.32,75.58,2026-09-17 11:30:00+00:00,41.0,60.3,39.6,10.4,1.33,43.7,17,3,9,-0.9659258262890684,-0.2588190451025206,0.4338837391175582,-0.900968867902419,24.5,36.1,40.3,10.4,1.34,49.0,23.3,34.2,38.5,10.9,1.03,47.9,27.5,40.4,39.0,10.3,0.703,32.5,,48.1,2026-09-17 14:30:00+00:00,0.0,LOW,1,0.49,POTENTIAL_LOCAL_BURNING,LOW,LIMITED,MODERATE,41.0,MODERATE,moderate 3-hour PM2.5 forecast; forecast indicates rising PM2.5; recent satellite-linked event: potential local burning,Continue enhanced monitoring and review supporting environmental evidence.,Latest available synchronized dataset,MODEL_REPLAY
ALT-0015,5613,"ITO, New Delhi - CPCB",28.63,77.24,2026-09-17 13:30:00+00:00,36.8,92.3,54.6,30.7,1.36,20.5,19,3,9,-0.9659258262890684,0.2588190451025203,0.4338837391175582,-0.900968867902419,27.8,74.3,51.3,29.3,1.29,17.5,27.0,62.0,43.7,9.4,0.803,48.2,49.5,91.0,41.2,3.33,0.93,60.6,,42.09,2026-09-17 16:30:00+00:00,0.72,MODERATE,0,0.0,NONE,NONE,NONE,MODERATE,36.8,MODERATE,moderate hotspot score; moderate 3-hour PM2.5 forecast,Continue enhanced monitoring and review supporting environmental evidence.,Latest available synchronized dataset,MODEL_REPLAY
ALT-0004,11579,"Kodungaiyur, Chennai - TNPCB",13.13,80.26,2026-09-10 12:30:00+00:00,42.8,88.3,10.6,3.81,0.585,34.4,18,3,9,-1.0,-1.8369701987210294e-16,0.4338837391175582,-0.900968867902419,45.5,113.0,11.8,5.3,0.613,29.4,41.4,117.0,9.53,5.03,0.633,31.9,50.8,121.0,9.4,5.41,0.613,29.3,,40.19,2026-09-10 15:30:00+00:00,0.0,LOW,0,0.0,NONE,NONE,NONE,MODERATE,42.8,MODERATE,moderate 3-hour PM2.5 forecast,Continue enhanced monitoring and review supporting environmental evidence.,Latest available synchronized dataset,MODEL_REPLAY
ALT-0021,5602,"Asansol Court Area, Asansol - WBPCB",23.69,86.95,2026-09-17 13:30:00+00:00,29.2,56.9,31.3,17.3,0.77,26.6,19,3,9,-0.9659258262890684,0.2588190451025203,0.4338837391175582,-0.900968867902419,33.4,55.7,19.4,17.0,0.76,30.8,37.1,64.7,34.4,13.1,1.01,35.9,31.8,68.7,32.5,11.4,1.23,31.1,,29.47,2026-09-17 16:30:00+00:00,0.67,MODERATE,2,0.53,POTENTIAL_LOCAL_BURNING,MODERATE,MODERATE,LOW,29.2,MODERATE,moderate hotspot score; recent satellite-linked event: potential local burning,Continue enhanced monitoring and review supporting environmental evidence.,Latest available synchronized dataset,MODEL_REPLAY
ALT-0018,3409464,"Ambazari, Nagpur - MPCB",21.12,79.05,2026-09-17 13:30:00+00:00,23.4,46.2,26.5,6.09,1.42,9.62,19,3,9,-0.9659258262890684,0.2588190451025203,0.4338837391175582,-0.900968867902419,23.3,43.6,30.3,5.45,1.15,11.3,19.0,37.1,15.6,7.84,0.355,19.6,20.9,33.5,14.5,7.95,0.343,15.9,,28.99,2026-09-17 16:30:00+00:00,0.5,LOW,2,0.52,POTENTIAL_AGRICULTURAL_BURNING,MODERATE,MODERATE,LOW,23.4,MODERATE,recent satellite-linked event: potential agricultural burning,Verify potential agricultural burning activity and monitor downwind air-quality conditions.,Latest available synchronized dataset,MODEL_REPLAY
ALT-0024,5649,"Tirumala, Tirupati - APPCB",13.67,79.35,2026-09-17 13:30:00+00:00,10.0,23.5,46.3,5.1,0.37,56.5,19,3,9,-0.9659258262890684,0.2588190451025203,0.4338837391175582,-0.900968867902419,6.0,23.0,45.9,3.98,0.32,49.7,16.0,29.5,49.0,4.2,0.318,49.1,21.5,51.0,52.1,5.33,0.328,58.0,,12.96,2026-09-17 16:30:00+00:00,0.27,LOW,8,0.66,POTENTIAL_AGRICULTURAL_BURNING,HIGH,STRONG,LOW,10.0,MODERATE,recent satellite-linked event: potential agricultural burning,Verify potential agricultural burning activity and monitor downwind air-quality conditions.,Latest available synchronized dataset,MODEL_REPLAY
ALT-0005,3409380,"Tata Township, Bileipada - OSPCB",22.06,85.47,2026-09-15 05:30:00+00:00,34.0,72.5,12.8,5.16,0.97,17.5,11,1,9,0.258819045102521,-0.9659258262890682,0.7818314824680298,0.6234898018587336,41.8,72.9,12.4,5.18,1.01,18.0,34.4,107.0,12.0,5.02,1.06,17.6,36.2,104.0,12.1,5.05,0.855,17.1,,36.82,2026-09-15 08:30:00+00:00,0.0,LOW,0,0.0,NONE,NONE,NONE,LOW,34.0,LOW,No immediate elevated risk signal detected,Continue routine monitoring.,Latest available synchronized dataset,MODEL_REPLAY
ALT-0028,6964,"Patti Mehar, Ambala - HSPCB",30.38,76.78,2026-09-17 13:30:00+00:00,28.3,96.3,5.0,32.9,0.883,39.7,19,3,9,-0.9659258262890684,0.2588190451025203,0.4338837391175582,-0.900968867902419,21.5,113.0,5.72,31.4,0.848,51.7,26.5,88.7,5.2,42.7,1.04,55.6,38.8,76.6,5.2,59.8,1.05,80.2,,36.29,2026-09-17 16:30:00+00:00,0.5,LOW,1,0.36,POTENTIAL_AGRICULTURAL_BURNING,LOW,LIMITED,LOW,28.3,LOW,recent satellite-linked event: potential agricultural burning,Verify potential agricultural burning activity and monitor downwind air-quality conditions.,Latest available synchronized dataset,MODEL_REPLAY
ALT-0023,270777,"Jigar Colony, Moradabad - UPPCB",28.86,78.77,2026-09-17 13:30:00+00:00,26.0,77.2,19.8,36.6,0.78,22.9,19,3,9,-0.9659258262890684,0.2588190451025203,0.4338837391175582,-0.900968867902419,35.5,70.5,19.8,36.3,0.78,23.5,36.7,76.7,19.8,27.5,0.788,38.0,40.9,94.7,19.9,33.1,0.788,34.4,,33.85,2026-09-17 16:30:00+00:00,0.55,LOW,0,0.0,NONE,NONE,NONE,LOW,26.0,LOW,No immediate elevated risk signal detected,Continue routine monitoring.,Latest available synchronized dataset,MODEL_REPLAY
ALT-0002,10915,"Polayathode, Kollam - Kerala PCB",8.88,76.61,2026-07-18 09:30:00+00:00,30.8,53.3,7.36,2.39,0.338,35.8,15,5,7,-0.7071067811865471,-0.7071067811865479,-0.9749279121818236,-0.2225209339563146,30.9,53.4,7.11,2.17,0.308,36.2,31.6,54.1,7.51,1.95,0.328,36.1,31.9,54.4,7.66,2.28,0.305,35.2,,31.24,2026-07-18 12:30:00+00:00,0.0,LOW,0,0.0,NONE,NONE,NONE,LOW,30.8,LOW,No immediate elevated risk signal detected,Continue routine monitoring.,Latest available synchronized dataset,MODEL_REPLAY
ALT-0007,227534,"Gyaspur, Ahmedabad - IITM",22.98,72.55,2026-09-17 06:30:00+00:00,33.4,131.0,46.8,18.3,0.72,10.9,12,3,9,1.2246467991473532e-16,-1.0,0.4338837391175582,-0.900968867902419,34.6,131.0,51.5,22.1,0.778,9.73,35.9,146.0,43.4,27.5,0.768,10.8,29.3,96.2,35.7,28.5,0.943,10.6,,29.6,2026-09-17 09:30:00+00:00,0.0,LOW,0,0.0,NONE,NONE,NONE,LOW,33.4,LOW,No immediate elevated risk signal detected,Continue routine monitoring.,Latest available synchronized dataset,MODEL_REPLAY
ALT-0030,346258,"Kokapet, Hyderabad - TSPCB",17.39,78.34,2026-09-17 13:30:00+00:00,31.8,72.5,11.1,7.04,0.62,19.1,19,3,9,-0.9659258262890684,0.2588190451025203,0.4338837391175582,-0.900968867902419,32.8,74.8,11.2,7.23,0.638,22.6,31.9,73.0,10.9,8.49,0.68,26.4,30.4,69.9,11.0,9.94,0.73,30.3,,28.98,2026-09-17 16:30:00+00:00,0.58,LOW,0,0.0,NONE,NONE,NONE,LOW,31.8,LOW,No immediate elevated risk signal detected,Continue routine monitoring.,Latest available synchronized dataset,MODEL_REPLAY
ALT-0020,3409396,"Nawapara SECL Colony, Chhal - CECB",22.12,83.14,2026-09-17 13:30:00+00:00,23.9,45.8,7.46,5.69,0.575,41.2,19,3,9,-0.9659258262890684,0.2588190451025203,0.4338837391175582,-0.900968867902419,15.7,31.2,9.03,6.22,0.718,44.6,16.5,30.9,4.66,6.92,0.275,42.6,34.0,35.0,5.01,26.6,0.255,40.4,,28.76,2026-09-17 16:30:00+00:00,0.42,LOW,14,0.49,POTENTIAL_LOCAL_BURNING,LOW,LIMITED,LOW,23.9,LOW,recent satellite-linked event: potential local burning,Continue routine monitoring.,Latest available synchronized dataset,MODEL_REPLAY
ALT-0012,7495,"DRM Office Danapur, Patna - BSPCB",25.59,85.04,2026-09-17 12:30:00+00:00,26.5,64.7,19.6,5.76,0.798,18.5,18,3,9,-1.0,-1.8369701987210294e-16,0.4338837391175582,-0.900968867902419,24.5,59.2,18.6,4.7,0.725,18.4,20.0,41.7,18.7,4.82,0.578,24.1,21.1,35.2,20.2,5.09,0.675,14.6,,28.57,2026-09-17 15:30:00+00:00,0.0,LOW,0,0.0,NONE,NONE,NONE,LOW,26.5,LOW,No immediate elevated risk signal detected,Continue routine monitoring.,Latest available synchronized dataset,MODEL_REPLAY
ALT-0025,3409461,"Rachnakar Colony, Aurangabad - MPCB",19.86,75.32,2026-09-17 13:30:00+00:00,28.1,54.2,20.4,1.44,0.99,9.32,19,3,9,-0.9659258262890684,0.2588190451025203,0.4338837391175582,-0.900968867902419,27.6,52.4,14.3,1.33,0.77,9.26,29.4,62.6,12.1,1.16,0.823,9.84,29.6,40.0,7.67,1.36,0.583,9.21,,27.81,2026-09-17 16:30:00+00:00,0.52,LOW,1,0.49,POTENTIAL_AGRICULTURAL_BURNING,LOW,LIMITED,LOW,28.1,LOW,recent satellite-linked event: potential agricultural burning,Verify potential agricultural burning activity and monitor downwind air-quality conditions.,Latest available synchronized dataset,MODEL_REPLAY
ALT-0031,8245,"Gole Bazar, Katni - MPPCB",23.5,80.23,2026-09-17 13:30:00+00:00,28.5,58.0,12.5,26.1,0.913,11.7,19,3,9,-0.9659258262890684,0.2588190451025203,0.4338837391175582,-0.900968867902419,23.0,53.5,11.7,26.0,0.885,15.1,10.0,29.5,11.0,14.8,0.705,23.8,8.0,39.5,12.6,14.7,0.503,30.9,,26.76,2026-09-17 16:30:00+00:00,0.55,LOW,0,0.0,NONE,NONE,NONE,LOW,28.5,LOW,No immediate elevated risk signal detected,Continue routine monitoring.,Latest available synchronized dataset,MODEL_REPLAY
ALT-0011,3409418,"Khatikan Mohalla, Dausa - RSPCB",26.9,76.33,2026-09-17 12:30:00+00:00,24.5,29.3,19.9,1.53,0.685,20.0,18,3,9,-1.0,-1.8369701987210294e-16,0.4338837391175582,-0.900968867902419,20.5,29.0,24.0,1.88,1.06,20.9,27.5,188.0,14.1,1.73,0.733,22.3,26.5,109.0,15.1,2.45,0.738,20.3,,26.14,2026-09-17 15:30:00+00:00,0.0,LOW,0,0.0,NONE,NONE,NONE,LOW,24.5,LOW,No immediate elevated risk signal detected,Continue routine monitoring.,Latest available synchronized dataset,MODEL_REPLAY
ALT-0003,6955,"Lal Bahadur Shastri Nagar, Kalaburagi - KSPCB",17.32,76.82,2026-08-21 15:30:00+00:00,29.3,58.0,10.0,11.5,0.38,32.7,21,4,8,-0.7071067811865477,0.7071067811865474,-0.433883739117558,-0.9009688679024191,23.8,45.0,10.0,11.5,0.373,50.5,18.0,33.0,9.56,11.6,0.4,53.5,22.7,44.8,9.83,10.4,0.443,55.5,,24.84,2026-08-21 18:30:00+00:00,0.0,LOW,0,0.0,NONE,NONE,NONE,LOW,29.3,LOW,No immediate elevated risk signal detected,Continue routine monitoring.,Latest available synchronized dataset,MODEL_REPLAY
ALT-0027,10633,"Victoria, Kolkata - WBPCB",22.54,88.34,2026-09-17 13:30:00+00:00,25.8,44.6,13.9,0.37,0.79,26.8,19,3,9,-0.9659258262890684,0.2588190451025203,0.4338837391175582,-0.900968867902419,26.3,37.3,13.3,0.107,0.87,21.4,22.5,37.7,13.1,1.19,0.66,26.8,32.0,57.9,14.2,1.59,0.673,36.4,,24.3,2026-09-17 16:30:00+00:00,0.47,LOW,0,0.0,NONE,NONE,NONE,LOW,25.8,LOW,No immediate elevated risk signal detected,Continue routine monitoring.,Latest available synchronized dataset,MODEL_REPLAY
ALT-0013,3409361,"AIIMS, Raipur - CECB",21.26,81.58,2026-09-17 12:30:00+00:00,18.1,35.0,4.42,0.198,0.553,16.1,18,3,9,-1.0,-1.8369701987210294e-16,0.4338837391175582,-0.900968867902419,17.9,34.1,4.66,0.613,0.595,16.2,18.0,35.0,3.49,0.738,0.438,16.3,24.1,44.6,5.02,2.39,0.205,22.1,,22.09,2026-09-17 15:30:00+00:00,0.0,LOW,5,0.4,POTENTIAL_LOCAL_BURNING,LOW,LIMITED,LOW,18.1,LOW,recent satellite-linked event: potential local burning,Continue routine monitoring.,Latest available synchronized dataset,MODEL_REPLAY
ALT-0006,3409506,"CDA Area, Cuttack - OSPCB",20.49,85.85,2026-09-17 03:30:00+00:00,19.0,54.0,7.68,7.88,0.408,45.8,9,3,9,0.7071067811865476,-0.7071067811865475,0.4338837391175582,-0.900968867902419,24.8,54.5,10.5,8.1,0.56,37.9,25.5,52.8,9.55,8.63,0.46,20.8,15.5,47.3,8.13,8.08,0.26,29.4,,21.5,2026-09-17 06:30:00+00:00,0.0,LOW,0,0.0,NONE,NONE,NONE,LOW,19.0,LOW,No immediate elevated risk signal detected,Continue routine monitoring.,Latest available synchronized dataset,MODEL_REPLAY
ALT-0016,5648,"Ward-32 Bapupara, Siliguri - WBPCB",26.69,88.41,2026-09-17 13:30:00+00:00,17.2,35.5,12.6,12.5,0.855,19.7,19,3,9,-0.9659258262890684,0.2588190451025203,0.4338837391175582,-0.900968867902419,16.8,37.2,12.9,11.8,0.788,18.7,19.0,51.3,14.5,12.1,0.403,19.5,12.3,31.4,13.0,11.5,0.258,20.1,,19.12,2026-09-17 16:30:00+00:00,0.39,LOW,0,0.0,NONE,NONE,NONE,LOW,17.2,LOW,No immediate elevated risk signal detected,Continue routine monitoring.,Latest available synchronized dataset,MODEL_REPLAY
ALT-0008,5590,"Ardhali Bazar, Varanasi - UPPCB",25.35,82.91,2026-09-17 09:30:00+00:00,14.0,32.5,17.6,3.65,0.29,15.8,15,3,9,-0.7071067811865471,-0.7071067811865479,0.4338837391175582,-0.900968867902419,13.0,30.0,17.5,4.6,0.29,16.8,23.3,53.0,18.5,4.4,0.29,3.57,32.5,73.5,17.8,4.4,0.29,8.93,,18.79,2026-09-17 12:30:00+00:00,0.0,LOW,0,0.0,NONE,NONE,NONE,LOW,14.0,LOW,No immediate elevated risk signal detected,Continue routine monitoring.,Latest available synchronized dataset,MODEL_REPLAY
ALT-0019,228352,"Shastripuram, Agra - UPPCB",27.2,77.92,2026-09-17 13:30:00+00:00,10.5,14.7,46.8,28.9,0.738,20.7,19,3,9,-0.9659258262890684,0.2588190451025203,0.4338837391175582,-0.900968867902419,13.7,19.2,46.8,28.7,0.733,26.0,19.8,27.7,46.7,28.4,0.85,28.6,22.4,31.2,46.8,28.6,0.885,62.6,,18.11,2026-09-17 16:30:00+00:00,0.26,LOW,0,0.0,NONE,NONE,NONE,LOW,10.5,LOW,No immediate elevated risk signal detected,Continue routine monitoring.,Latest available synchronized dataset,MODEL_REPLAY
ALT-0022,3409469,"Kasarvadavali, Thane - MPCB",19.27,72.97,2026-09-17 13:30:00+00:00,15.5,55.4,12.9,4.25,0.983,7.45,19,3,9,-0.9659258262890684,0.2588190451025203,0.4338837391175582,-0.900968867902419,14.0,56.0,11.9,4.28,0.945,9.28,19.5,58.3,10.6,3.94,0.825,14.1,18.0,62.0,10.9,4.17,0.87,18.4,,17.67,2026-09-17 16:30:00+00:00,0.4,LOW,0,0.0,NONE,NONE,NONE,LOW,15.5,LOW,No immediate elevated risk signal detected,Continue routine monitoring.,Latest available synchronized dataset,MODEL_REPLAY
ALT-0001,6982,"Deshpande Nagar, Hubballi - KSPCB",15.35,75.14,2025-10-28 02:30:00+00:00,16.1,37.1,22.7,6.63,0.4,7.72,8,1,10,0.8660254037844387,-0.4999999999999998,0.7818314824680298,0.6234898018587336,13.1,37.2,23.1,6.69,0.4,7.86,10.0,38.6,23.1,6.7,0.4,7.83,14.0,37.9,22.7,6.63,0.4,7.73,,17.01,2025-10-28 05:30:00+00:00,0.0,LOW,0,0.0,NONE,NONE,NONE,LOW,16.1,LOW,No immediate elevated risk signal detected,Continue routine monitoring.,Latest available synchronized dataset,MODEL_REPLAY
ALT-0014,229728,"Kamalnath Nagar, Bettiah - BSPCB",26.8,84.52,2026-09-17 12:30:00+00:00,13.0,20.0,20.1,11.9,0.788,14.5,18,3,9,-1.0,-1.8369701987210294e-16,0.4338837391175582,-0.900968867902419,11.5,17.3,19.9,10.3,0.69,14.3,16.5,24.5,21.7,6.5,0.545,15.6,13.0,19.8,27.6,10.9,0.403,19.8,,16.91,2026-09-17 15:30:00+00:00,0.0,LOW,0,0.0,NONE,NONE,NONE,LOW,13.0,LOW,No immediate elevated risk signal detected,Continue routine monitoring.,Latest available synchronized dataset,MODEL_REPLAY
ALT-0032,3409431,"Digari Kalan, Jodhpur - RSPCB",26.3,73.08,2026-09-17 13:30:00+00:00,14.5,41.8,13.4,3.9,0.313,56.7,19,3,9,-0.9659258262890684,0.2588190451025203,0.4338837391175582,-0.900968867902419,16.5,48.0,13.3,4.05,0.318,62.6,15.3,43.8,14.8,4.53,0.26,60.3,16.8,49.5,11.1,4.25,0.253,65.8,,14.84,2026-09-17 16:30:00+00:00,0.34,LOW,0,0.0,NONE,NONE,NONE,LOW,14.5,LOW,No immediate elevated risk signal detected,Continue routine monitoring.,Latest available synchronized dataset,MODEL_REPLAY
ALT-0036,6266793,"Ashta Vinayak Nagar, Hingoli - MPCB",19.71,77.15,2026-09-17 13:30:00+00:00,13.5,46.5,5.95,3.6,0.333,34.6,19,3,9,-0.9659258262890684,0.2588190451025203,0.4338837391175582,-0.900968867902419,16.0,66.5,6.35,3.78,0.34,39.2,16.8,47.0,4.05,3.63,0.31,50.5,18.0,45.0,2.68,2.63,0.253,58.2,,14.7,2026-09-17 16:30:00+00:00,0.32,LOW,0,0.0,NONE,NONE,NONE,LOW,13.5,LOW,No immediate elevated risk signal detected,Continue routine monitoring.,Latest available synchronized dataset,MODEL_REPLAY
ALT-0029,363601,"Girls College, Sivasagar - PCBA",26.99,94.64,2026-09-17 13:30:00+00:00,10.4,35.1,15.5,6.52,0.475,17.1,19,3,9,-0.9659258262890684,0.2588190451025203,0.4338837391175582,-0.900968867902419,10.5,34.7,15.5,5.47,0.428,29.6,12.0,39.5,15.5,5.81,0.37,49.9,15.9,47.5,15.5,5.9,0.23,46.9,,13.51,2026-09-17 16:30:00+00:00,0.28,LOW,0,0.0,NONE,NONE,NONE,LOW,10.4,LOW,No immediate elevated risk signal detected,Continue routine monitoring.,Latest available synchronized dataset,MODEL_REPLAY
ALT-0017,220265,"Rajbagh, Srinagar - JKSPCB",34.07,74.82,2026-09-17 13:30:00+00:00,10.5,27.5,15.4,2.75,0.258,0.355,19,3,9,-0.9659258262890684,0.2588190451025203,0.4338837391175582,-0.900968867902419,10.3,26.9,15.6,2.72,0.245,0.533,11.1,29.1,15.3,2.73,0.225,0.808,11.4,30.0,15.4,2.69,0.323,0.848,,11.98,2026-09-17 16:30:00+00:00,0.28,LOW,1,0.48,POTENTIAL_LOCAL_BURNING,LOW,MODERATE,LOW,10.5,LOW,recent satellite-linked event: potential local burning,Continue routine monitoring.,Latest available synchronized dataset,MODEL_REPLAY
ALT-0026,3409419,"Railway Colony, Barmer - RSPCB",25.75,71.39,2026-09-17 13:30:00+00:00,8.25,45.5,11.8,3.1,1.25,37.2,19,3,9,-0.9659258262890684,0.2588190451025203,0.4338837391175582,-0.900968867902419,5.75,36.5,8.58,2.95,1.2,40.9,7.25,28.5,5.18,3.18,0.718,44.9,8.0,38.7,6.4,3.6,0.727,53.2,,10.67,2026-09-17 16:30:00+00:00,0.22,LOW,0,0.0,NONE,NONE,NONE,LOW,8.25,LOW,No immediate elevated risk signal detected,Continue routine monitoring.,Latest available synchronized dataset,MODEL_REPLAY
ALT-0034,3409422,"Indra Nagar, Jhunjhunu - RSPCB",28.11,75.39,2026-09-17 13:30:00+00:00,6.5,14.5,11.2,2.38,0.313,43.9,19,3,9,-0.9659258262890684,0.2588190451025203,0.4338837391175582,-0.900968867902419,4.0,15.0,9.25,2.38,0.345,54.1,10.0,63.8,4.85,2.25,0.323,85.7,3.0,37.0,6.78,2.3,0.315,104.0,,7.91,2026-09-17 16:30:00+00:00,0.07,LOW,0,0.0,NONE,NONE,NONE,LOW,6.5,LOW,No immediate elevated risk signal detected,Continue routine monitoring.,Latest available synchronized dataset,MODEL_REPLAY
ALT-0010,11582,"Stuart Hill, Madikeri - KSPCB",12.42,75.74,2026-09-17 12:30:00+00:00,6.5,16.5,1.9,5.45,0.49,6.44,18,3,9,-1.0,-1.8369701987210294e-16,0.4338837391175582,-0.900968867902419,5.33,15.3,1.9,5.35,0.263,2.58,3.0,11.0,1.9,5.45,0.148,2.45,1.0,9.0,1.9,5.68,0.248,2.27,,5.23,2026-09-17 15:30:00+00:00,0.0,LOW,1,0.34,POTENTIAL_DOMESTIC_TRANSPORT,LOW,LIMITED,LOW,6.5,LOW,recent satellite-linked event: potential domestic transport,Continue routine monitoring.,Latest available synchronized dataset,MODEL_REPLAY
