correlation_id,fire_event_id,fire_scope,fire_latitude,fire_longitude,fire_timestamp,fire_event_end,fire_detection_count,fire_satellites,fire_max_frp,fire_confidence,station_id,station,station_latitude,station_longitude,station_timestamp,distance_km,time_lag_hours,pm25_at_response,pm25_baseline_median,pm25_baseline_p75,pm25_zscore,pm25_elevation_score,wind_speed_10m,wind_direction_10m,wind_alignment_score,wind_speed_support,kinematic_travel_time_hours,transport_time_score,transport_plausible,spatial_score,temporal_score,satellite_strength_score,event_score,origin_type,evidence_level,correlation_reason,recommended_action
FPE-0001,SATF-0944,INDIA,13.676,79.6,2026-09-16 08:30:00+00:00,2026-09-16 08:30:00+00:00,1,N20,5.46,n,5649,"Tirumala, Tirupati - APPCB",13.67,79.35,2026-09-16 11:30:00+00:00,27.019,3.0,60.5,17.5,27.225,3.484,1.0,2.35,268,0.0,1.0,3.194,0.939,True,0.775,0.833,0.706,0.789,POTENTIAL_LOCAL_BURNING,STRONG,strong PM2.5 elevation; fire event is close to station; observed timing is compatible with simple wind-based travel screening,Verify local burning activity and inspect nearby air-quality conditions.
FPE-0002,SATF-0938,INDIA,13.742,79.659,2026-09-16 08:30:00+00:00,2026-09-16 08:30:00+00:00,1,N20,10.54,n,5649,"Tirumala, Tirupati - APPCB",13.67,79.35,2026-09-16 11:30:00+00:00,34.328,3.0,60.5,17.5,27.225,3.484,1.0,2.35,268,0.0,1.0,4.058,0.739,True,0.714,0.833,0.842,0.788,POTENTIAL_LOCAL_BURNING,STRONG,strong PM2.5 elevation; fire event is close to station; observed timing is compatible with simple wind-based travel screening,Verify local burning activity and inspect nearby air-quality conditions.
FPE-0003,SATF-0885,INDIA,13.812,79.523,2026-09-16 07:33:00+00:00,2026-09-16 07:33:00+00:00,1,N21,4.73,n,5649,"Tirumala, Tirupati - APPCB",13.67,79.35,2026-09-16 11:30:00+00:00,24.464,3.95,60.5,17.5,27.225,3.484,1.0,2.35,268,0.0,1.0,2.892,0.817,True,0.796,0.781,0.672,0.783,POTENTIAL_LOCAL_BURNING,STRONG,strong PM2.5 elevation; fire event is close to station; observed timing is compatible with simple wind-based travel screening,Verify local burning activity and inspect nearby air-quality conditions.
FPE-0004,SATF-0947,INDIA,13.866,79.546,2026-09-16 08:30:00+00:00,2026-09-16 08:30:00+00:00,1,N20,4.4,n,5649,"Tirumala, Tirupati - APPCB",13.67,79.35,2026-09-16 11:30:00+00:00,30.382,3.0,60.5,17.5,27.225,3.484,1.0,2.35,268,0.0,1.0,3.591,0.835,True,0.747,0.833,0.652,0.777,POTENTIAL_LOCAL_BURNING,STRONG,strong PM2.5 elevation; fire event is close to station; observed timing is compatible with simple wind-based travel screening,Verify local burning activity and inspect nearby air-quality conditions.
FPE-0005,SATF-0946,INDIA,13.761,79.743,2026-09-16 08:30:00+00:00,2026-09-16 08:30:00+00:00,1,N20,4.58,n,5649,"Tirumala, Tirupati - APPCB",13.67,79.35,2026-09-16 11:30:00+00:00,43.643,3.0,60.5,17.5,27.225,3.484,1.0,2.35,268,0.0,1.0,5.159,0.582,True,0.636,0.833,0.664,0.75,POTENTIAL_LOCAL_BURNING,STRONG,strong PM2.5 elevation; fire event is close to station; observed timing is compatible with simple wind-based travel screening,Verify local burning activity and inspect nearby air-quality conditions.
FPE-0006,SATF-0217,INDIA,13.711,79.619,2026-09-13 20:17:00+00:00,2026-09-13 20:17:00+00:00,1,N20,2.31,n,5649,"Tirumala, Tirupati - APPCB",13.67,79.35,2026-09-14 05:30:00+00:00,29.417,9.217,48.5,17.5,27.225,2.512,0.837,1.13,135,0.589,1.0,7.231,0.863,True,0.755,0.488,0.462,0.71,POTENTIAL_LOCAL_BURNING,STRONG,strong PM2.5 elevation; fire event is close to station; wind direction supports transport; observed timing is compatible with simple wind-based travel screening,Verify local burning activity and inspect nearby air-quality conditions.
FPE-0007,SATF-0017,OUTSIDE_INDIA,26.68,96.226,2026-09-13 06:52:00+00:00,2026-09-13 06:52:00+00:00,1,N21,2.1,n,363601,"Girls College, Sivasagar - PCBA",26.988,94.637,2026-09-14 16:30:00+00:00,161.371,33.633,39.2,12.2,16.2,4.697,1.0,1.45,44,0.521,1.0,30.914,0.956,True,0.539,0.299,0.432,0.702,SATELLITE_FIRE_ASSOCIATION,STRONG,strong PM2.5 elevation; fire event is within regional analysis radius; wind direction supports transport; observed timing is compatible with simple wind-based travel screening,Continue monitoring and seek additional evidence before source attribution.
FPE-0008,SATF-1014,INDIA,21.336,78.968,2026-09-16 20:04:00+00:00,2026-09-16 20:59:00+00:00,2,"N20,N21",3.27,n,3409464,"Ambazari, Nagpur - MPCB",21.122,79.05,2026-09-16 20:30:00+00:00,25.272,0.433,56.6,28.0,37.4,2.039,0.68,1.2,253,0.044,1.0,5.85,0.0,False,0.789,0.976,0.563,0.692,POTENTIAL_LOCAL_BURNING,MODERATE,moderate PM2.5 elevation; fire event is close to station; PM2.5 elevation followed fire detection quickly,Verify local burning activity and inspect nearby air-quality conditions.
FPE-0009,SATF-0445,INDIA,20.967,85.176,2026-09-14 19:02:00+00:00,2026-09-14 20:42:00+00:00,15,"N20,N21",6.01,n,3409506,"CDA Area, Cuttack - OSPCB",20.489,85.848,2026-09-15 09:30:00+00:00,87.781,14.467,85.5,18.0,26.0,5.502,1.0,2.87,317,0.985,1.0,8.496,0.649,True,0.268,0.196,0.736,0.692,POTENTIAL_DOMESTIC_TRANSPORT,MODERATE,strong PM2.5 elevation; fire event is within domestic analysis radius; wind direction strongly supports transport; observed timing is compatible with simple wind-based travel screening,Verify the domestic burning area and monitor downwind air-quality conditions.
FPE-0010,SATF-0199,INDIA,17.606,83.201,2026-09-13 19:21:00+00:00,2026-09-13 20:19:00+00:00,4,"N20,N21",1.93,n,5628,"GVM Corporation, Visakhapatnam - APPCB",17.723,83.308,2026-09-14 01:30:00+00:00,17.243,6.15,53.0,26.5,37.0,1.723,0.574,2.17,255,0.831,1.0,2.207,0.107,True,0.856,0.658,0.409,0.688,POTENTIAL_LOCAL_BURNING,MODERATE,moderate PM2.5 elevation; fire event is close to station; wind direction strongly supports transport; observed timing is compatible with simple wind-based travel screening,Verify local burning activity and inspect nearby air-quality conditions.
FPE-0011,SATF-0329,INDIA,27.377,95.337,2026-09-14 07:31:00+00:00,2026-09-14 07:31:00+00:00,1,N20,1.78,n,363601,"Girls College, Sivasagar - PCBA",26.988,94.637,2026-09-14 16:30:00+00:00,81.698,8.983,39.2,12.2,16.2,4.697,1.0,1.45,44,0.97,1.0,15.651,0.574,True,0.319,0.501,0.388,0.684,POTENTIAL_DOMESTIC_TRANSPORT,MODERATE,strong PM2.5 elevation; fire event is within domestic analysis radius; wind direction strongly supports transport; observed timing is compatible with simple wind-based travel screening,Verify the domestic burning area and monitor downwind air-quality conditions.
FPE-0012,SATF-1025,INDIA,21.248,79.214,2026-09-16 20:04:00+00:00,2026-09-16 20:59:00+00:00,2,"N20,N21",1.83,n,3409464,"Ambazari, Nagpur - MPCB",21.122,79.05,2026-09-16 20:30:00+00:00,22.085,0.433,56.6,28.0,37.4,2.039,0.68,1.2,253,0.0,1.0,5.112,0.0,False,0.816,0.976,0.396,0.678,POTENTIAL_LOCAL_BURNING,MODERATE,moderate PM2.5 elevation; fire event is close to station; PM2.5 elevation followed fire detection quickly,Verify local burning activity and inspect nearby air-quality conditions.
FPE-0013,SATF-0448,INDIA,21.077,85.041,2026-09-14 19:02:00+00:00,2026-09-14 20:42:00+00:00,13,"N20,N21",4.8,n,3409506,"CDA Area, Cuttack - OSPCB",20.489,85.848,2026-09-15 09:30:00+00:00,106.344,14.467,85.5,18.0,26.0,5.502,1.0,2.87,317,0.987,1.0,10.293,0.797,True,0.114,0.196,0.676,0.678,POTENTIAL_DOMESTIC_TRANSPORT,MODERATE,strong PM2.5 elevation; fire event is within domestic analysis radius; wind direction strongly supports transport; observed timing is compatible with simple wind-based travel screening,Verify the domestic burning area and monitor downwind air-quality conditions.
FPE-0014,SATF-0447,INDIA,20.876,84.987,2026-09-14 19:02:00+00:00,2026-09-14 20:42:00+00:00,17,"N20,N21",5.0,n,3409506,"CDA Area, Cuttack - OSPCB",20.489,85.848,2026-09-15 09:30:00+00:00,99.344,14.467,85.5,18.0,26.0,5.502,1.0,2.87,317,0.931,1.0,9.615,0.748,True,0.172,0.196,0.684,0.674,POTENTIAL_DOMESTIC_TRANSPORT,MODERATE,strong PM2.5 elevation; fire event is within domestic analysis radius; wind direction strongly supports transport; observed timing is compatible with simple wind-based travel screening,Verify the domestic burning area and monitor downwind air-quality conditions.
FPE-0015,SATF-0491,INDIA,17.604,83.197,2026-09-14 19:57:00+00:00,2026-09-14 20:42:00+00:00,6,"N20,N21",4.94,n,5628,"GVM Corporation, Visakhapatnam - APPCB",17.723,83.308,2026-09-15 05:30:00+00:00,17.691,9.55,50.0,26.5,37.0,1.528,0.509,1.88,245,0.919,1.0,2.614,0.0,True,0.853,0.469,0.682,0.672,POTENTIAL_LOCAL_BURNING,MODERATE,moderate PM2.5 elevation; fire event is close to station; wind direction strongly supports transport; observed timing is compatible with simple wind-based travel screening,Verify local burning activity and inspect nearby air-quality conditions.
FPE-0016,SATF-0450,INDIA,20.783,85.269,2026-09-14 19:02:00+00:00,2026-09-14 20:42:00+00:00,29,"N20,N21",3.84,n,3409506,"CDA Area, Cuttack - OSPCB",20.489,85.848,2026-09-15 09:30:00+00:00,68.524,14.467,85.5,18.0,26.0,5.502,1.0,2.87,317,0.948,1.0,6.632,0.409,True,0.429,0.196,0.607,0.67,POTENTIAL_DOMESTIC_TRANSPORT,MODERATE,strong PM2.5 elevation; fire event is within domestic analysis radius; wind direction strongly supports transport; observed timing is compatible with simple wind-based travel screening,Verify the domestic burning area and monitor downwind air-quality conditions.
FPE-0017,SATF-0500,INDIA,20.957,85.012,2026-09-14 19:57:00+00:00,2026-09-14 20:42:00+00:00,4,"N20,N21",2.15,n,3409506,"CDA Area, Cuttack - OSPCB",20.489,85.848,2026-09-15 09:30:00+00:00,101.305,13.55,85.5,18.0,26.0,5.502,1.0,2.87,317,0.96,1.0,9.805,0.809,True,0.156,0.247,0.44,0.665,POTENTIAL_DOMESTIC_TRANSPORT,MODERATE,strong PM2.5 elevation; fire event is within domestic analysis radius; wind direction strongly supports transport; observed timing is compatible with simple wind-based travel screening,Verify the domestic burning area and monitor downwind air-quality conditions.
FPE-0018,SATF-0333,INDIA,12.989,76.124,2026-09-14 08:09:00+00:00,2026-09-14 09:05:00+00:00,2,"N20,N21",12.4,n,11582,"Stuart Hill, Madikeri - KSPCB",12.416,75.735,2026-09-14 19:30:00+00:00,76.426,11.35,27.0,9.0,13.5,3.204,1.0,1.84,311,0.13,1.0,11.538,0.984,True,0.363,0.369,0.859,0.662,POTENTIAL_DOMESTIC_TRANSPORT,MODERATE,strong PM2.5 elevation; fire event is within domestic analysis radius; observed timing is compatible with simple wind-based travel screening,Verify the domestic burning area and monitor downwind air-quality conditions.
FPE-0019,SATF-0816,INDIA,13.71,79.62,2026-09-15 20:25:00+00:00,2026-09-15 20:25:00+00:00,1,N21,2.57,n,5649,"Tirumala, Tirupati - APPCB",13.67,79.35,2026-09-16 11:30:00+00:00,29.507,15.083,60.5,17.5,27.225,3.484,1.0,2.35,268,0.0,1.0,3.488,0.0,True,0.754,0.162,0.495,0.662,POTENTIAL_LOCAL_BURNING,MODERATE,strong PM2.5 elevation; fire event is close to station; observed timing is compatible with simple wind-based travel screening,Verify local burning activity and inspect nearby air-quality conditions.
FPE-0020,SATF-0720,INDIA,22.005,82.669,2026-09-15 19:38:00+00:00,2026-09-15 20:21:00+00:00,5,"N20,N21",2.07,n,3409396,"Nawapara SECL Colony, Chhal - CECB",22.118,83.141,2026-09-16 05:30:00+00:00,50.202,9.867,55.3,25.9,37.0,1.927,0.642,0.9,251,0.997,0.25,15.495,0.637,True,0.582,0.452,0.428,0.642,POTENTIAL_DOMESTIC_TRANSPORT,MODERATE,moderate PM2.5 elevation; fire event is within domestic analysis radius; wind direction strongly supports transport; observed timing is compatible with simple wind-based travel screening,Verify the domestic burning area and monitor downwind air-quality conditions.
FPE-0021,SATF-0757,INDIA,33.725,74.656,2026-09-15 20:19:00+00:00,2026-09-15 20:19:00+00:00,1,N21,0.89,n,220265,"Rajbagh, Srinagar - JKSPCB",34.066,74.82,2026-09-15 20:30:00+00:00,40.843,0.183,22.3,13.6,16.15,2.233,0.744,0.32,129,0.298,0.25,,0.0,False,0.66,0.99,0.245,0.641,POTENTIAL_LOCAL_BURNING,MODERATE,strong PM2.5 elevation; fire event is close to station; PM2.5 elevation followed fire detection quickly,Verify local burning activity and inspect nearby air-quality conditions.
FPE-0022,SATF-1075,INDIA,13.71,79.619,2026-09-16 20:06:00+00:00,2026-09-16 21:01:00+00:00,2,"N20,N21",2.47,n,5649,"Tirumala, Tirupati - APPCB",13.67,79.35,2026-09-16 23:30:00+00:00,29.4,3.4,42.0,17.5,27.225,1.985,0.662,1.34,243,0.0,1.0,6.095,0.558,True,0.755,0.811,0.483,0.64,POTENTIAL_LOCAL_BURNING,MODERATE,moderate PM2.5 elevation; fire event is close to station; observed timing is compatible with simple wind-based travel screening,Verify local burning activity and inspect nearby air-quality conditions.
FPE-0023,SATF-1000,INDIA,17.618,83.199,2026-09-16 19:19:00+00:00,2026-09-16 20:06:00+00:00,2,"N20,N21",0.9,n,5628,"GVM Corporation, Visakhapatnam - APPCB",17.723,83.308,2026-09-17 04:30:00+00:00,16.412,9.183,47.5,26.5,37.0,1.365,0.455,2.13,231,0.994,1.0,2.14,0.0,True,0.863,0.49,0.247,0.623,POTENTIAL_LOCAL_BURNING,MODERATE,moderate PM2.5 elevation; fire event is close to station; wind direction strongly supports transport; observed timing is compatible with simple wind-based travel screening,Verify local burning activity and inspect nearby air-quality conditions.
FPE-0024,SATF-0364,INDIA,13.348,75.831,2026-09-14 08:09:00+00:00,2026-09-14 08:09:00+00:00,1,N21,3.39,n,11582,"Stuart Hill, Madikeri - KSPCB",12.416,75.735,2026-09-14 19:30:00+00:00,104.164,11.35,27.0,9.0,13.5,3.204,1.0,1.84,311,0.577,1.0,15.725,0.722,True,0.132,0.369,0.576,0.616,POTENTIAL_DOMESTIC_TRANSPORT,MODERATE,strong PM2.5 elevation; fire event is within domestic analysis radius; wind direction supports transport; observed timing is compatible with simple wind-based travel screening,Verify the domestic burning area and monitor downwind air-quality conditions.
FPE-0025,SATF-0309,INDIA,21.92,83.351,2026-09-14 07:29:00+00:00,2026-09-14 08:13:00+00:00,4,"N20,N21",6.14,n,3409396,"Nawapara SECL Colony, Chhal - CECB",22.118,83.141,2026-09-14 14:30:00+00:00,30.915,7.017,53.1,25.9,37.0,1.783,0.594,1.3,242,0.0,1.0,6.606,0.969,True,0.742,0.61,0.741,0.609,POTENTIAL_LOCAL_BURNING,MODERATE,moderate PM2.5 elevation; fire event is close to station; observed timing is compatible with simple wind-based travel screening,Verify local burning activity and inspect nearby air-quality conditions.
FPE-0026,SATF-0444,INDIA,20.97,86.015,2026-09-14 19:02:00+00:00,2026-09-14 20:42:00+00:00,20,"N20,N21",6.89,n,3409506,"CDA Area, Cuttack - OSPCB",20.489,85.848,2026-09-15 09:30:00+00:00,56.254,14.467,85.5,18.0,26.0,5.502,1.0,2.87,317,0.484,1.0,5.445,0.171,True,0.531,0.196,0.771,0.601,POTENTIAL_DOMESTIC_TRANSPORT,MODERATE,strong PM2.5 elevation; fire event is within domestic analysis radius; observed timing is compatible with simple wind-based travel screening,Verify the domestic burning area and monitor downwind air-quality conditions.
FPE-0027,SATF-0917,OUTSIDE_INDIA,31.329,74.516,2026-09-16 07:37:00+00:00,2026-09-16 07:37:00+00:00,2,N21,5.29,n,6969,"Huda Sector, Fatehabad - HSPCB",29.504,75.468,2026-09-17 00:30:00+00:00,222.547,16.883,584.0,37.1,46.1,11.565,1.0,2.1,91,0.0,1.0,29.437,0.574,True,0.364,0.648,0.698,0.593,SATELLITE_FIRE_ASSOCIATION,MODERATE,strong PM2.5 elevation; fire event is within regional analysis radius; observed timing is compatible with simple wind-based travel screening,Continue monitoring and seek additional evidence before source attribution.
FPE-0028,SATF-0290,INDIA,13.006,76.334,2026-09-14 07:26:00+00:00,2026-09-14 07:26:00+00:00,1,N20,6.84,n,11582,"Stuart Hill, Madikeri - KSPCB",12.416,75.735,2026-09-14 19:30:00+00:00,92.337,12.067,27.0,9.0,13.5,3.204,1.0,1.84,311,0.0,1.0,13.94,0.866,True,0.231,0.33,0.77,0.586,POTENTIAL_DOMESTIC_TRANSPORT,MODERATE,strong PM2.5 elevation; fire event is within domestic analysis radius; observed timing is compatible with simple wind-based travel screening,Verify the domestic burning area and monitor downwind air-quality conditions.
FPE-0029,SATF-0701,INDIA,22.322,82.571,2026-09-15 19:38:00+00:00,2026-09-15 20:21:00+00:00,12,"N20,N21",3.81,n,3409396,"Nawapara SECL Colony, Chhal - CECB",22.118,83.141,2026-09-16 05:30:00+00:00,62.864,9.867,55.3,25.9,37.0,1.927,0.642,0.9,251,0.766,0.25,19.402,0.509,True,0.476,0.452,0.604,0.585,POTENTIAL_DOMESTIC_TRANSPORT,MODERATE,moderate PM2.5 elevation; fire event is within domestic analysis radius; wind direction strongly supports transport; observed timing is compatible with simple wind-based travel screening,Verify the domestic burning area and monitor downwind air-quality conditions.
FPE-0030,SATF-0304,INDIA,17.6,83.184,2026-09-14 07:29:00+00:00,2026-09-14 08:11:00+00:00,2,"N20,N21",8.15,n,5628,"GVM Corporation, Visakhapatnam - APPCB",17.723,83.308,2026-09-15 00:30:00+00:00,18.954,17.017,47.0,26.5,37.0,1.333,0.444,1.66,265,0.754,1.0,3.172,0.0,True,0.842,0.055,0.805,0.58,POTENTIAL_LOCAL_BURNING,MODERATE,moderate PM2.5 elevation; fire event is close to station; wind direction strongly supports transport; observed timing is compatible with simple wind-based travel screening,Verify local burning activity and inspect nearby air-quality conditions.
FPE-0031,SATF-0211,INDIA,26.771,94.506,2026-09-13 20:14:00+00:00,2026-09-13 20:14:00+00:00,1,N20,0.73,n,363601,"Girls College, Sivasagar - PCBA",26.988,94.637,2026-09-14 02:30:00+00:00,27.349,6.267,23.6,12.2,16.2,1.983,0.661,0.53,131,0.221,0.25,14.334,0.0,False,0.772,0.652,0.218,0.579,POTENTIAL_LOCAL_BURNING,MODERATE,moderate PM2.5 elevation; fire event is close to station,Verify local burning activity and inspect nearby air-quality conditions.
FPE-0032,SATF-0651,OUTSIDE_INDIA,31.051,74.481,2026-09-15 07:58:00+00:00,2026-09-15 07:58:00+00:00,1,N21,4.5,n,6969,"Huda Sector, Fatehabad - HSPCB",29.504,75.468,2026-09-17 00:30:00+00:00,196.428,40.533,584.0,37.1,46.1,11.565,1.0,2.1,91,0.0,1.0,25.983,0.72,True,0.439,0.156,0.659,0.577,SATELLITE_FIRE_ASSOCIATION,MODERATE,strong PM2.5 elevation; fire event is within regional analysis radius; observed timing is compatible with simple wind-based travel screening,Continue monitoring and seek additional evidence before source attribution.
FPE-0033,SATF-0710,INDIA,21.984,83.233,2026-09-15 19:38:00+00:00,2026-09-15 20:21:00+00:00,2,"N20,N21",2.64,n,3409396,"Nawapara SECL Colony, Chhal - CECB",22.118,83.141,2026-09-16 05:30:00+00:00,17.695,9.867,55.3,25.9,37.0,1.927,0.642,0.9,251,0.0,0.25,5.461,0.597,True,0.853,0.452,0.503,0.569,POTENTIAL_LOCAL_BURNING,MODERATE,moderate PM2.5 elevation; fire event is close to station; observed timing is compatible with simple wind-based travel screening,Verify local burning activity and inspect nearby air-quality conditions.
FPE-0034,SATF-1150,INDIA,23.697,87.096,2026-09-17 07:16:00+00:00,2026-09-17 07:16:00+00:00,1,N21,3.79,n,5602,"Asansol Court Area, Asansol - WBPCB",23.685,86.946,2026-09-17 09:30:00+00:00,15.332,2.233,38.9,27.2,38.8,0.698,0.233,0.99,30,0.571,0.25,4.302,0.519,True,0.872,0.876,0.601,0.561,POTENTIAL_LOCAL_BURNING,MODERATE,fire event is close to station; wind direction supports transport; observed timing is compatible with simple wind-based travel screening,Verify local burning activity and inspect nearby air-quality conditions.
FPE-0035,SATF-0691,INDIA,21.922,83.348,2026-09-15 19:38:00+00:00,2026-09-15 20:21:00+00:00,7,"N20,N21",4.78,n,3409396,"Nawapara SECL Colony, Chhal - CECB",22.118,83.141,2026-09-16 05:30:00+00:00,30.539,9.867,55.3,25.9,37.0,1.927,0.642,0.9,251,0.0,0.25,9.426,0.977,True,0.746,0.452,0.675,0.559,POTENTIAL_LOCAL_BURNING,MODERATE,moderate PM2.5 elevation; fire event is close to station; observed timing is compatible with simple wind-based travel screening,Verify local burning activity and inspect nearby air-quality conditions.
FPE-0036,SATF-0708,INDIA,22.036,83.357,2026-09-15 19:38:00+00:00,2026-09-15 20:21:00+00:00,5,"N20,N21",2.86,n,3409396,"Nawapara SECL Colony, Chhal - CECB",22.118,83.141,2026-09-16 05:30:00+00:00,24.095,9.867,55.3,25.9,37.0,1.927,0.642,0.9,251,0.0,0.25,7.437,0.837,True,0.799,0.452,0.527,0.558,POTENTIAL_LOCAL_BURNING,MODERATE,moderate PM2.5 elevation; fire event is close to station; observed timing is compatible with simple wind-based travel screening,Verify local burning activity and inspect nearby air-quality conditions.
FPE-0037,SATF-0607,OUTSIDE_INDIA,10.869,79.847,2026-09-15 07:52:00+00:00,2026-09-15 07:52:00+00:00,1,N21,5.97,n,5649,"Tirumala, Tirupati - APPCB",13.67,79.35,2026-09-16 11:30:00+00:00,316.103,27.633,60.5,17.5,27.225,3.484,1.0,2.35,268,0.0,1.0,37.364,0.74,True,0.097,0.424,0.734,0.546,SATELLITE_FIRE_ASSOCIATION,LIMITED,strong PM2.5 elevation; fire event is within regional analysis radius; observed timing is compatible with simple wind-based travel screening,Continue monitoring and seek additional evidence before source attribution.
FPE-0038,SATF-0379,INDIA,20.964,86.008,2026-09-14 08:11:00+00:00,2026-09-14 08:11:00+00:00,1,N21,8.81,n,3409506,"CDA Area, Cuttack - OSPCB",20.489,85.848,2026-09-14 10:30:00+00:00,55.396,2.317,35.5,18.0,26.0,1.426,0.475,4.56,99,0.149,1.0,3.375,0.687,True,0.538,0.871,0.818,0.545,POTENTIAL_DOMESTIC_TRANSPORT,LIMITED,moderate PM2.5 elevation; fire event is within domestic analysis radius; observed timing is compatible with simple wind-based travel screening,Verify the domestic burning area and monitor downwind air-quality conditions.
FPE-0039,SATF-0104,INDIA,30.961,76.239,2026-09-13 07:50:00+00:00,2026-09-13 07:50:00+00:00,1,N20,4.73,n,5542,"Civil Line, Jalandhar - PPCB",31.322,75.579,2026-09-13 15:30:00+00:00,74.545,7.667,57.7,36.5,47.3,0.92,0.307,1.82,111,0.979,1.0,11.377,0.674,True,0.379,0.574,0.672,0.54,POTENTIAL_DOMESTIC_TRANSPORT,LIMITED,fire event is within domestic analysis radius; wind direction strongly supports transport; observed timing is compatible with simple wind-based travel screening,Verify the domestic burning area and monitor downwind air-quality conditions.
FPE-0040,SATF-1019,INDIA,21.186,81.386,2026-09-16 20:04:00+00:00,2026-09-16 20:59:00+00:00,4,"N20,N21",2.3,n,3409361,"AIIMS, Raipur - CECB",21.259,81.579,2026-09-17 06:30:00+00:00,21.58,10.433,24.1,16.0,21.75,0.778,0.259,2.16,283,0.818,1.0,2.775,0.0,True,0.82,0.42,0.461,0.537,POTENTIAL_LOCAL_BURNING,LIMITED,fire event is close to station; wind direction strongly supports transport; observed timing is compatible with simple wind-based travel screening,Verify local burning activity and inspect nearby air-quality conditions.
FPE-0041,SATF-0402,INDIA,31.43,75.182,2026-09-14 08:16:00+00:00,2026-09-14 08:16:00+00:00,1,N21,5.69,n,5542,"Civil Line, Jalandhar - PPCB",31.322,75.579,2026-09-14 14:30:00+00:00,39.552,6.233,73.2,36.5,47.3,1.592,0.531,0.61,99,0.0,0.25,18.011,0.0,False,0.67,0.654,0.718,0.536,POTENTIAL_LOCAL_BURNING,LIMITED,moderate PM2.5 elevation; fire event is close to station,Verify local burning activity and inspect nearby air-quality conditions.
FPE-0042,SATF-0959,INDIA,31.358,75.919,2026-09-16 08:35:00+00:00,2026-09-16 08:35:00+00:00,1,N20,5.66,n,5542,"Civil Line, Jalandhar - PPCB",31.322,75.579,2026-09-16 10:30:00+00:00,32.547,1.917,55.6,36.5,47.3,0.829,0.276,2.66,319,0.0,1.0,3.399,0.564,True,0.729,0.894,0.717,0.535,POTENTIAL_LOCAL_BURNING,LIMITED,fire event is close to station; observed timing is compatible with simple wind-based travel screening,Verify local burning activity and inspect nearby air-quality conditions.
FPE-0043,SATF-0655,INDIA,31.57,75.112,2026-09-15 07:58:00+00:00,2026-09-15 07:58:00+00:00,1,N21,3.87,n,5542,"Civil Line, Jalandhar - PPCB",31.322,75.579,2026-09-16 00:30:00+00:00,52.182,16.533,60.5,36.5,47.3,1.041,0.347,0.74,340,0.786,0.25,19.588,0.844,True,0.565,0.081,0.611,0.531,POTENTIAL_DOMESTIC_TRANSPORT,LIMITED,fire event is within domestic analysis radius; wind direction strongly supports transport; observed timing is compatible with simple wind-based travel screening,Verify the domestic burning area and monitor downwind air-quality conditions.
FPE-0044,SATF-0518,INDIA,13.711,79.618,2026-09-14 20:00:00+00:00,2026-09-14 20:00:00+00:00,1,N20,1.61,n,5649,"Tirumala, Tirupati - APPCB",13.67,79.35,2026-09-15 13:30:00+00:00,29.31,17.5,33.5,17.5,27.225,1.296,0.432,1.23,69,0.978,1.0,6.619,0.178,True,0.756,0.028,0.366,0.529,POTENTIAL_LOCAL_BURNING,LIMITED,moderate PM2.5 elevation; fire event is close to station; wind direction strongly supports transport; observed timing is compatible with simple wind-based travel screening,Verify local burning activity and inspect nearby air-quality conditions.
FPE-0045,SATF-0817,INDIA,13.393,80.1,2026-09-15 20:25:00+00:00,2026-09-15 20:25:00+00:00,1,N21,2.02,n,5649,"Tirumala, Tirupati - APPCB",13.67,79.35,2026-09-16 11:30:00+00:00,86.734,15.083,60.5,17.5,27.225,3.484,1.0,2.35,268,0.0,1.0,10.252,0.764,True,0.277,0.162,0.421,0.528,POTENTIAL_DOMESTIC_TRANSPORT,LIMITED,strong PM2.5 elevation; fire event is within domestic analysis radius; observed timing is compatible with simple wind-based travel screening,Verify the domestic burning area and monitor downwind air-quality conditions.
FPE-0046,SATF-0887,INDIA,19.602,74.814,2026-09-16 07:33:00+00:00,2026-09-16 07:33:00+00:00,1,N21,4.56,n,3409461,"Rachnakar Colony, Aurangabad - MPCB",19.864,75.321,2026-09-16 15:30:00+00:00,60.541,7.95,53.5,26.6,34.9,1.914,0.638,1.6,358,0.0,1.0,10.511,0.756,True,0.495,0.558,0.662,0.526,POTENTIAL_DOMESTIC_TRANSPORT,LIMITED,moderate PM2.5 elevation; fire event is within domestic analysis radius; observed timing is compatible with simple wind-based travel screening,Verify the domestic burning area and monitor downwind air-quality conditions.
FPE-0047,SATF-1061,INDIA,21.371,81.447,2026-09-16 20:04:00+00:00,2026-09-16 20:04:00+00:00,1,N21,0.78,n,3409361,"AIIMS, Raipur - CECB",21.259,81.579,2026-09-17 06:30:00+00:00,18.507,10.433,24.1,16.0,21.75,0.778,0.259,2.16,283,0.872,1.0,2.38,0.0,True,0.846,0.42,0.227,0.525,POTENTIAL_LOCAL_BURNING,LIMITED,fire event is close to station; wind direction strongly supports transport; observed timing is compatible with simple wind-based travel screening,Verify local burning activity and inspect nearby air-quality conditions.
FPE-0048,SATF-0014,OUTSIDE_INDIA,24.323,94.826,2026-09-13 06:52:00+00:00,2026-09-13 06:52:00+00:00,1,N21,4.48,n,363601,"Girls College, Sivasagar - PCBA",26.988,94.637,2026-09-14 16:30:00+00:00,296.902,33.633,39.2,12.2,16.2,4.697,1.0,1.45,44,0.0,1.0,56.878,0.591,True,0.152,0.299,0.658,0.515,SATELLITE_FIRE_ASSOCIATION,LIMITED,strong PM2.5 elevation; fire event is within regional analysis radius; observed timing is compatible with simple wind-based travel screening,Continue monitoring and seek additional evidence before source attribution.
FPE-0049,SATF-0205,INDIA,30.954,75.872,2026-09-13 20:14:00+00:00,2026-09-13 20:14:00+00:00,1,N20,1.38,n,5542,"Civil Line, Jalandhar - PPCB",31.322,75.579,2026-09-14 04:30:00+00:00,49.514,8.267,60.6,36.5,47.3,1.045,0.348,1.76,110,0.811,1.0,7.815,0.971,True,0.587,0.541,0.335,0.515,POTENTIAL_LOCAL_BURNING,LIMITED,fire event is close to station; wind direction strongly supports transport; observed timing is compatible with simple wind-based travel screening,Verify local burning activity and inspect nearby air-quality conditions.
FPE-0050,SATF-0182,INDIA,22.323,82.578,2026-09-13 19:19:00+00:00,2026-09-13 20:17:00+00:00,5,"N20,N21",2.97,n,3409396,"Nawapara SECL Colony, Chhal - CECB",22.118,83.141,2026-09-14 07:30:00+00:00,62.233,12.183,48.8,25.9,37.0,1.501,0.5,1.54,216,0.253,1.0,11.225,0.957,True,0.481,0.323,0.539,0.514,POTENTIAL_DOMESTIC_TRANSPORT,LIMITED,moderate PM2.5 elevation; fire event is within domestic analysis radius; observed timing is compatible with simple wind-based travel screening,Verify the domestic burning area and monitor downwind air-quality conditions.
FPE-0051,SATF-1054,INDIA,22.095,83.117,2026-09-16 20:04:00+00:00,2026-09-16 20:59:00+00:00,3,"N20,N21",0.99,n,3409396,"Nawapara SECL Colony, Chhal - CECB",22.118,83.141,2026-09-16 21:30:00+00:00,3.539,1.433,38.2,25.9,37.0,0.806,0.269,0.66,351,0.0,0.25,1.49,0.962,True,0.971,0.92,0.261,0.513,POTENTIAL_LOCAL_BURNING,LIMITED,fire event is close to station; observed timing is compatible with simple wind-based travel screening,Verify local burning activity and inspect nearby air-quality conditions.
FPE-0052,SATF-0611,INDIA,17.864,83.368,2026-09-15 07:52:00+00:00,2026-09-15 07:52:00+00:00,2,N21,4.32,n,5628,"GVM Corporation, Visakhapatnam - APPCB",17.723,83.308,2026-09-15 13:30:00+00:00,16.942,5.633,37.0,26.5,37.0,0.683,0.228,1.91,225,0.0,1.0,2.464,0.357,True,0.859,0.687,0.646,0.512,POTENTIAL_LOCAL_BURNING,LIMITED,fire event is close to station; observed timing is compatible with simple wind-based travel screening,Verify local burning activity and inspect nearby air-quality conditions.
FPE-0053,SATF-0490,INDIA,21.922,83.348,2026-09-14 19:57:00+00:00,2026-09-14 20:42:00+00:00,8,"N20,N21",5.93,n,3409396,"Nawapara SECL Colony, Chhal - CECB",22.118,83.141,2026-09-14 20:30:00+00:00,30.539,0.55,38.0,25.9,37.0,0.793,0.264,0.98,285,0.0,0.25,8.656,0.0,False,0.746,0.969,0.732,0.51,POTENTIAL_LOCAL_BURNING,LIMITED,fire event is close to station,Verify local burning activity and inspect nearby air-quality conditions.
FPE-0054,SATF-1147,INDIA,17.919,83.456,2026-09-17 07:16:00+00:00,2026-09-17 07:16:00+00:00,1,N21,4.8,n,5628,"GVM Corporation, Visakhapatnam - APPCB",17.723,83.308,2026-09-17 12:30:00+00:00,26.858,5.233,38.5,26.5,37.0,0.78,0.26,1.05,245,0.0,1.0,7.105,0.737,True,0.776,0.709,0.676,0.509,POTENTIAL_LOCAL_BURNING,LIMITED,fire event is close to station; observed timing is compatible with simple wind-based travel screening,Verify local burning activity and inspect nearby air-quality conditions.
FPE-0055,SATF-0499,INDIA,21.984,83.233,2026-09-14 19:57:00+00:00,2026-09-14 20:42:00+00:00,3,"N20,N21",2.18,n,3409396,"Nawapara SECL Colony, Chhal - CECB",22.118,83.141,2026-09-14 20:30:00+00:00,17.695,0.55,38.0,25.9,37.0,0.793,0.264,0.98,285,0.0,0.25,5.015,0.0,False,0.853,0.969,0.446,0.508,POTENTIAL_LOCAL_BURNING,LIMITED,fire event is close to station,Verify local burning activity and inspect nearby air-quality conditions.
FPE-0056,SATF-0092,OUTSIDE_INDIA,31.658,74.429,2026-09-13 07:50:00+00:00,2026-09-13 07:50:00+00:00,2,N20,20.37,n,5542,"Civil Line, Jalandhar - PPCB",31.322,75.579,2026-09-14 14:30:00+00:00,115.26,30.667,73.2,36.5,47.3,1.592,0.531,0.61,99,0.0,0.25,52.487,0.584,True,0.671,0.361,0.874,0.504,SATELLITE_FIRE_ASSOCIATION,LIMITED,moderate PM2.5 elevation; fire event is within domestic analysis radius; observed timing is compatible with simple wind-based travel screening,Continue monitoring and seek additional evidence before source attribution.
FPE-0057,SATF-0787,INDIA,21.874,83.498,2026-09-15 20:21:00+00:00,2026-09-15 20:21:00+00:00,1,N21,1.39,n,3409396,"Nawapara SECL Colony, Chhal - CECB",22.118,83.141,2026-09-16 05:30:00+00:00,45.767,9.15,55.3,25.9,37.0,1.927,0.642,0.9,251,0.0,0.25,14.126,0.648,True,0.619,0.492,0.337,0.499,POTENTIAL_LOCAL_BURNING,LIMITED,moderate PM2.5 elevation; fire event is close to station; observed timing is compatible with simple wind-based travel screening,Verify local burning activity and inspect nearby air-quality conditions.
FPE-0058,SATF-0306,INDIA,20.783,85.277,2026-09-14 07:29:00+00:00,2026-09-14 07:29:00+00:00,2,N20,6.72,n,3409506,"CDA Area, Cuttack - OSPCB",20.489,85.848,2026-09-14 10:30:00+00:00,67.794,3.017,35.5,18.0,26.0,1.426,0.475,4.56,99,0.0,1.0,4.13,0.73,True,0.435,0.832,0.765,0.499,POTENTIAL_DOMESTIC_TRANSPORT,LIMITED,moderate PM2.5 elevation; fire event is within domestic analysis radius; observed timing is compatible with simple wind-based travel screening,Verify the domestic burning area and monitor downwind air-quality conditions.
FPE-0059,SATF-0366,INDIA,12.267,76.796,2026-09-14 08:09:00+00:00,2026-09-14 08:09:00+00:00,1,N21,3.22,n,11582,"Stuart Hill, Madikeri - KSPCB",12.416,75.735,2026-09-14 19:30:00+00:00,116.43,11.35,27.0,9.0,13.5,3.204,1.0,1.84,311,0.0,1.0,17.577,0.646,True,0.03,0.369,0.559,0.496,POTENTIAL_DOMESTIC_TRANSPORT,LIMITED,strong PM2.5 elevation; fire event is within domestic analysis radius; observed timing is compatible with simple wind-based travel screening,Verify the domestic burning area and monitor downwind air-quality conditions.
FPE-0060,SATF-0502,INDIA,22.036,83.357,2026-09-14 19:57:00+00:00,2026-09-14 20:42:00+00:00,4,"N20,N21",2.08,n,3409396,"Nawapara SECL Colony, Chhal - CECB",22.118,83.141,2026-09-14 20:30:00+00:00,24.095,0.55,38.0,25.9,37.0,0.793,0.264,0.98,285,0.0,0.25,6.83,0.0,False,0.799,0.969,0.43,0.493,POTENTIAL_LOCAL_BURNING,LIMITED,fire event is close to station,Verify local burning activity and inspect nearby air-quality conditions.
FPE-0061,SATF-0900,INDIA,23.693,87.098,2026-09-16 07:35:00+00:00,2026-09-16 07:35:00+00:00,2,N21,9.23,n,5602,"Asansol Court Area, Asansol - WBPCB",23.685,86.946,2026-09-16 14:30:00+00:00,15.504,6.917,39.2,27.2,38.8,0.716,0.239,0.66,351,0.0,0.25,6.525,0.97,True,0.871,0.616,0.828,0.489,POTENTIAL_LOCAL_BURNING,LIMITED,fire event is close to station; observed timing is compatible with simple wind-based travel screening,Verify local burning activity and inspect nearby air-quality conditions.
FPE-0062,SATF-0999,INDIA,21.985,83.231,2026-09-16 19:19:00+00:00,2026-09-16 20:04:00+00:00,3,"N20,N21",1.47,n,3409396,"Nawapara SECL Colony, Chhal - CECB",22.118,83.141,2026-09-16 21:30:00+00:00,17.49,2.183,38.2,25.9,37.0,0.806,0.269,0.66,351,0.0,0.25,7.361,0.0,False,0.854,0.879,0.347,0.487,POTENTIAL_LOCAL_BURNING,LIMITED,fire event is close to station,Verify local burning activity and inspect nearby air-quality conditions.
FPE-0063,SATF-0760,OUTSIDE_INDIA,32.08,74.193,2026-09-15 20:19:00+00:00,2026-09-15 20:19:00+00:00,1,N21,0.59,n,6969,"Huda Sector, Fatehabad - HSPCB",29.504,75.468,2026-09-17 00:30:00+00:00,311.278,28.183,584.0,37.1,46.1,11.565,1.0,2.1,91,0.0,1.0,41.174,0.684,True,0.111,0.413,0.199,0.486,SATELLITE_FIRE_ASSOCIATION,LIMITED,strong PM2.5 elevation; fire event is within regional analysis radius; observed timing is compatible with simple wind-based travel screening,Continue monitoring and seek additional evidence before source attribution.
FPE-0064,SATF-0992,INDIA,22.037,83.355,2026-09-16 19:19:00+00:00,2026-09-16 20:59:00+00:00,4,"N20,N21",2.26,n,3409396,"Nawapara SECL Colony, Chhal - CECB",22.118,83.141,2026-09-16 21:30:00+00:00,23.862,2.183,38.2,25.9,37.0,0.806,0.269,0.66,351,0.0,0.25,10.043,0.0,False,0.801,0.879,0.454,0.484,POTENTIAL_LOCAL_BURNING,LIMITED,fire event is close to station,Verify local burning activity and inspect nearby air-quality conditions.
FPE-0065,SATF-1059,INDIA,21.189,81.197,2026-09-16 20:04:00+00:00,2026-09-16 20:04:00+00:00,1,N21,0.8,n,3409361,"AIIMS, Raipur - CECB",21.259,81.579,2026-09-17 06:30:00+00:00,40.347,10.433,24.1,16.0,21.75,0.778,0.259,2.16,283,0.912,1.0,5.189,0.495,True,0.664,0.42,0.231,0.484,POTENTIAL_LOCAL_BURNING,LIMITED,fire event is close to station; wind direction strongly supports transport; observed timing is compatible with simple wind-based travel screening,Verify local burning activity and inspect nearby air-quality conditions.
FPE-0066,SATF-0780,INDIA,21.879,83.556,2026-09-15 20:21:00+00:00,2026-09-15 20:21:00+00:00,1,N21,1.64,n,3409396,"Nawapara SECL Colony, Chhal - CECB",22.118,83.141,2026-09-16 05:30:00+00:00,50.41,9.15,55.3,25.9,37.0,1.927,0.642,0.9,251,0.0,0.25,15.558,0.588,True,0.58,0.492,0.373,0.483,POTENTIAL_DOMESTIC_TRANSPORT,LIMITED,moderate PM2.5 elevation; fire event is within domestic analysis radius; observed timing is compatible with simple wind-based travel screening,Verify the domestic burning area and monitor downwind air-quality conditions.
FPE-0067,SATF-0985,INDIA,21.923,83.346,2026-09-16 19:19:00+00:00,2026-09-16 20:59:00+00:00,10,"N20,N21",3.11,n,3409396,"Nawapara SECL Colony, Chhal - CECB",22.118,83.141,2026-09-16 21:30:00+00:00,30.316,2.183,38.2,25.9,37.0,0.806,0.269,0.66,351,0.0,0.25,12.759,0.0,False,0.747,0.879,0.549,0.48,POTENTIAL_LOCAL_BURNING,LIMITED,fire event is close to station,Verify local burning activity and inspect nearby air-quality conditions.
FPE-0068,SATF-0965,INDIA,30.581,76.671,2026-09-16 08:35:00+00:00,2026-09-16 08:35:00+00:00,1,N20,3.69,n,6964,"Patti Mehar, Ambala - HSPCB",30.38,76.778,2026-09-16 20:30:00+00:00,24.645,11.917,66.1,39.1,54.65,1.027,0.342,1.88,65,0.005,1.0,3.641,0.0,True,0.795,0.338,0.592,0.479,POTENTIAL_LOCAL_BURNING,LIMITED,fire event is close to station; observed timing is compatible with simple wind-based travel screening,Verify local burning activity and inspect nearby air-quality conditions.
FPE-0069,SATF-1047,INDIA,21.31,81.59,2026-09-16 20:04:00+00:00,2026-09-16 20:59:00+00:00,3,"N20,N21",1.16,n,3409361,"AIIMS, Raipur - CECB",21.259,81.579,2026-09-17 06:30:00+00:00,5.805,10.433,24.1,16.0,21.75,0.778,0.259,2.16,283,0.029,1.0,0.747,0.0,True,0.952,0.42,0.297,0.474,POTENTIAL_LOCAL_BURNING,LIMITED,fire event is close to station; observed timing is compatible with simple wind-based travel screening,Verify local burning activity and inspect nearby air-quality conditions.
FPE-0070,SATF-1152,INDIA,18.005,83.521,2026-09-17 07:16:00+00:00,2026-09-17 07:16:00+00:00,1,N21,3.35,n,5628,"GVM Corporation, Visakhapatnam - APPCB",17.723,83.308,2026-09-17 12:30:00+00:00,38.636,5.233,38.5,26.5,37.0,0.78,0.26,1.05,245,0.0,1.0,10.221,0.512,True,0.678,0.709,0.572,0.474,POTENTIAL_LOCAL_BURNING,LIMITED,fire event is close to station; observed timing is compatible with simple wind-based travel screening,Verify local burning activity and inspect nearby air-quality conditions.
FPE-0071,SATF-0700,INDIA,22.034,83.737,2026-09-15 19:38:00+00:00,2026-09-15 20:21:00+00:00,12,"N20,N21",3.81,n,3409396,"Nawapara SECL Colony, Chhal - CECB",22.118,83.141,2026-09-16 05:30:00+00:00,62.162,9.867,55.3,25.9,37.0,1.927,0.642,0.9,251,0.0,0.25,19.186,0.514,True,0.482,0.452,0.604,0.472,POTENTIAL_DOMESTIC_TRANSPORT,LIMITED,moderate PM2.5 elevation; fire event is within domestic analysis radius; observed timing is compatible with simple wind-based travel screening,Verify the domestic burning area and monitor downwind air-quality conditions.
FPE-0072,SATF-0657,INDIA,31.648,74.988,2026-09-15 07:58:00+00:00,2026-09-15 07:58:00+00:00,1,N21,2.82,n,5542,"Civil Line, Jalandhar - PPCB",31.322,75.579,2026-09-16 00:30:00+00:00,66.742,16.533,60.5,36.5,47.3,1.041,0.347,0.74,340,0.796,0.25,25.053,0.66,True,0.444,0.081,0.524,0.472,POTENTIAL_DOMESTIC_TRANSPORT,LIMITED,fire event is within domestic analysis radius; wind direction strongly supports transport; observed timing is compatible with simple wind-based travel screening,Verify the domestic burning area and monitor downwind air-quality conditions.
FPE-0073,SATF-0904,INDIA,21.92,83.352,2026-09-16 07:35:00+00:00,2026-09-16 08:33:00+00:00,3,"N20,N21",7.73,n,3409396,"Nawapara SECL Colony, Chhal - CECB",22.118,83.141,2026-09-16 17:30:00+00:00,30.987,9.917,41.5,25.9,37.0,1.023,0.341,0.95,357,0.0,0.25,9.061,0.953,True,0.742,0.449,0.796,0.464,POTENTIAL_LOCAL_BURNING,LIMITED,fire event is close to station; observed timing is compatible with simple wind-based travel screening,Verify local burning activity and inspect nearby air-quality conditions.
FPE-0074,SATF-0911,INDIA,22.038,83.351,2026-09-16 07:35:00+00:00,2026-09-16 07:35:00+00:00,1,N21,4.16,n,3409396,"Nawapara SECL Colony, Chhal - CECB",22.118,83.141,2026-09-16 17:30:00+00:00,23.438,9.917,41.5,25.9,37.0,1.023,0.341,0.95,357,0.0,0.25,6.853,0.777,True,0.805,0.449,0.636,0.464,POTENTIAL_LOCAL_BURNING,LIMITED,fire event is close to station; observed timing is compatible with simple wind-based travel screening,Verify local burning activity and inspect nearby air-quality conditions.
FPE-0075,SATF-0487,OUTSIDE_INDIA,25.811,88.883,2026-09-14 19:55:00+00:00,2026-09-14 19:55:00+00:00,1,N20,0.24,n,3409376,"Central Academy for SFS, Byrnihat - PCBA",26.071,91.875,2026-09-16 05:30:00+00:00,300.553,33.583,77.3,52.8,71.0,0.998,0.333,2.43,284,0.939,1.0,34.357,0.977,True,0.141,0.3,0.181,0.464,POTENTIAL_REGIONAL_TRANSPORT,LIMITED,fire event is within regional analysis radius; wind direction strongly supports transport; observed timing is compatible with simple wind-based travel screening,Monitor downwind stations and coordinate regional verification.
FPE-0076,SATF-0993,INDIA,21.37,81.667,2026-09-16 19:19:00+00:00,2026-09-16 20:59:00+00:00,14,"N20,N21",2.2,n,3409361,"AIIMS, Raipur - CECB",21.259,81.579,2026-09-17 06:30:00+00:00,15.362,11.183,24.1,16.0,21.75,0.778,0.259,2.16,283,0.0,1.0,1.976,0.0,True,0.872,0.379,0.449,0.46,POTENTIAL_LOCAL_BURNING,LIMITED,fire event is close to station; observed timing is compatible with simple wind-based travel screening,Verify local burning activity and inspect nearby air-quality conditions.
FPE-0077,SATF-0522,INDIA,13.394,80.101,2026-09-14 20:00:00+00:00,2026-09-14 20:00:00+00:00,1,N20,0.99,n,5649,"Tirumala, Tirupati - APPCB",13.67,79.35,2026-09-15 13:30:00+00:00,86.796,17.5,33.5,17.5,27.225,1.296,0.432,1.23,69,0.746,1.0,19.602,0.893,True,0.277,0.028,0.261,0.46,POTENTIAL_DOMESTIC_TRANSPORT,LIMITED,moderate PM2.5 elevation; fire event is within domestic analysis radius; wind direction strongly supports transport; observed timing is compatible with simple wind-based travel screening,Verify the domestic burning area and monitor downwind air-quality conditions.
FPE-0078,SATF-0476,INDIA,28.895,78.855,2026-09-14 19:55:00+00:00,2026-09-14 20:40:00+00:00,2,"N20,N21",0.83,n,270777,"Jigar Colony, Moradabad - UPPCB",28.857,78.773,2026-09-15 09:30:00+00:00,9.082,13.583,34.6,25.9,35.3,0.617,0.206,1.11,126,0.439,1.0,2.273,0.0,True,0.924,0.245,0.236,0.457,POTENTIAL_LOCAL_BURNING,LIMITED,fire event is close to station; observed timing is compatible with simple wind-based travel screening,Verify local burning activity and inspect nearby air-quality conditions.
FPE-0079,SATF-0151,INDIA,31.71,75.162,2026-09-13 08:35:00+00:00,2026-09-13 08:35:00+00:00,2,N21,11.18,n,5542,"Civil Line, Jalandhar - PPCB",31.322,75.579,2026-09-13 15:30:00+00:00,58.516,6.917,57.7,36.5,47.3,0.92,0.307,1.82,111,0.0,1.0,8.931,0.774,True,0.512,0.616,0.848,0.457,POTENTIAL_DOMESTIC_TRANSPORT,LIMITED,fire event is within domestic analysis radius; observed timing is compatible with simple wind-based travel screening,Verify the domestic burning area and monitor downwind air-quality conditions.
FPE-0080,SATF-0943,INDIA,13.119,76.051,2026-09-16 08:30:00+00:00,2026-09-16 08:30:00+00:00,2,N20,5.6,n,11582,"Stuart Hill, Madikeri - KSPCB",12.416,75.735,2026-09-16 19:30:00+00:00,85.359,11.0,16.0,9.0,13.5,1.246,0.415,2.43,302,0.144,1.0,9.757,0.936,True,0.289,0.389,0.715,0.455,POTENTIAL_DOMESTIC_TRANSPORT,LIMITED,moderate PM2.5 elevation; fire event is within domestic analysis radius; observed timing is compatible with simple wind-based travel screening,Verify the domestic burning area and monitor downwind air-quality conditions.
FPE-0081,SATF-0650,INDIA,31.456,74.874,2026-09-15 07:58:00+00:00,2026-09-15 07:58:00+00:00,1,N21,7.84,n,5542,"Civil Line, Jalandhar - PPCB",31.322,75.579,2026-09-16 00:30:00+00:00,68.553,16.533,60.5,36.5,47.3,1.041,0.347,0.74,340,0.536,0.25,25.733,0.642,True,0.429,0.081,0.798,0.455,POTENTIAL_DOMESTIC_TRANSPORT,LIMITED,fire event is within domestic analysis radius; wind direction supports transport; observed timing is compatible with simple wind-based travel screening,Verify the domestic burning area and monitor downwind air-quality conditions.
FPE-0082,SATF-0224,INDIA,22.017,83.754,2026-09-13 20:17:00+00:00,2026-09-13 20:17:00+00:00,1,N20,1.08,n,3409396,"Nawapara SECL Colony, Chhal - CECB",22.118,83.141,2026-09-14 07:30:00+00:00,64.202,11.217,48.8,25.9,37.0,1.501,0.5,1.54,216,0.0,1.0,11.58,0.969,True,0.465,0.377,0.283,0.454,POTENTIAL_DOMESTIC_TRANSPORT,LIMITED,moderate PM2.5 elevation; fire event is within domestic analysis radius; observed timing is compatible with simple wind-based travel screening,Verify the domestic burning area and monitor downwind air-quality conditions.
FPE-0083,SATF-0745,INDIA,25.541,91.236,2026-09-15 19:38:00+00:00,2026-09-15 19:38:00+00:00,1,N20,0.6,n,3409376,"Central Academy for SFS, Byrnihat - PCBA",26.071,91.875,2026-09-16 05:30:00+00:00,86.992,9.867,77.3,52.8,71.0,0.998,0.333,2.43,284,0.547,1.0,9.944,0.992,True,0.275,0.452,0.201,0.451,POTENTIAL_DOMESTIC_TRANSPORT,LIMITED,fire event is within domestic analysis radius; wind direction supports transport; observed timing is compatible with simple wind-based travel screening,Verify the domestic burning area and monitor downwind air-quality conditions.
