station_id,station,latitude,longitude,timestamp,pm25,pm10,no2,so2,co,o3,temperature_2m,relative_humidity_2m,precipitation,surface_pressure,wind_speed_10m,wind_direction_10m,pm25_score,pm10_score,no2_score,stagnation_score,station_median,station_mean,station_std,pm25_std_safe,pm25_anomaly,anomaly_score,hotspot_score,risk_level,hotspot_cluster
5585,"Ashok Nagar, Udaipur - RSPCB",24.5886166,73.6321397,2026-09-17 13:30:00+00:00,57.6,128.0,15.1,6.94,1.24,21.3,25.1,77,0.0,936.1,2.31,248,1.0,1.0,0.5909090909090909,0.2272727272727273,42.650000000000006,44.69198412698413,19.975814427252562,19.975814427252562,0.7484050302151406,0.14968100604302811,0.7338157872700907,MODERATE,-1
5613,"ITO, New Delhi - CPCB",28.628624,77.24106,2026-09-17 13:30:00+00:00,36.8,92.3,54.6,30.7,1.36,20.5,31.9,50,0.0,982.8,2.19,336,0.9090909090909091,0.9090909090909091,1.0,0.2727272727272727,38.0,46.50140152511175,44.753110167399704,44.753110167399704,-0.026813778875063303,0.0,0.7227272727272727,MODERATE,-1
5602,"Asansol Court Area, Asansol - WBPCB",23.685297,86.945968,2026-09-17 13:30:00+00:00,29.2,56.9,31.3,17.3,0.77,26.6,26.0,94,0.9,992.4,1.1,177,0.8181818181818182,0.6818181818181818,0.8636363636363636,0.7272727272727273,27.2,30.097891398122304,16.642595946606722,16.642595946606722,0.12017355984706114,0.024034711969412228,0.6695142977045029,MODERATE,-1
3409376,"Central Academy for SFS, Byrnihat - PCBA",26.071318,91.87488,2026-09-17 13:30:00+00:00,50.0,77.0,6.78,25.3,1.26,17.8,25.9,99,0.5,998.5,0.18,34,0.9545454545454546,0.8181818181818182,0.13636363636363635,0.9545454545454546,52.8,60.96742957746479,24.39427753080234,24.39427753080234,-0.11478101765729577,0.0,0.6613636363636365,MODERATE,-1
346258,"Kokapet, Hyderabad - TSPCB",17.393559,78.33919399999999,2026-09-17 13:30:00+00:00,31.8,72.5,11.1,7.04,0.62,19.1,30.6,54,0.0,950.4,1.92,277,0.8636363636363636,0.7727272727272727,0.22727272727272727,0.40909090909090906,30.0,30.25412226584408,8.113375696348328,8.113375696348328,0.2218558670727088,0.04437117341454176,0.5816556760121813,LOW,-1
270777,"Jigar Colony, Moradabad - UPPCB",28.856664,78.772638,2026-09-17 13:30:00+00:00,26.0,77.2,19.8,36.6,0.78,22.9,29.3,74,0.0,984.1,2.48,289,0.6363636363636364,0.8636363636363636,0.7272727272727273,0.18181818181818177,25.9,27.844770395074395,13.955793460458757,13.955793460458757,0.00716548294321878,0.001433096588643756,0.5547604190337512,LOW,-1
8245,"Gole Bazar, Katni - MPPCB",23.50016,80.23284,2026-09-17 13:30:00+00:00,28.5,58.0,12.5,26.1,0.913,11.7,26.6,91,0.0,964.9,2.1,198,0.7727272727272727,0.7272727272727273,0.36363636363636365,0.31818181818181823,23.5,27.39459767072525,15.845195991769742,15.845195991769742,0.31555305485631624,0.06311061097126325,0.5503756825547805,LOW,-1
3409461,"Rachnakar Colony, Aurangabad - MPCB",19.863756,75.321188,2026-09-17 13:30:00+00:00,28.1,54.2,20.4,1.44,0.99,9.32,27.0,75,0.0,946.7,2.95,304,0.6818181818181818,0.5909090909090909,0.7727272727272727,0.09090909090909094,26.5,28.30712451861361,14.00866989593825,14.00866989593825,0.11421498342707856,0.02284299668541571,0.5193355404119032,LOW,-1
6964,"Patti Mehar, Ambala - HSPCB",30.379589,76.778328,2026-09-17 13:30:00+00:00,28.3,96.3,5.0,32.9,0.883,39.7,28.3,72,0.0,975.9,2.67,264,0.7272727272727273,0.9545454545454546,0.045454545454545456,0.13636363636363635,38.9,43.19620994764398,25.993116708212625,25.993116708212625,-0.4078002695479333,0.0,0.5022727272727273,LOW,-1
3409464,"Ambazari, Nagpur - MPCB",21.121801,79.04952,2026-09-17 13:30:00+00:00,23.4,46.2,26.5,6.09,1.42,9.62,28.7,82,0.0,972.1,1.03,203,0.5,0.5,0.8181818181818182,0.7727272727272727,27.8,30.037577332986743,14.005196901686238,14.005196901686238,-0.3141690924366967,0.0,0.5,LOW,-1
10633,"Victoria, Kolkata - WBPCB",22.5448082,88.3403691,2026-09-17 13:30:00+00:00,25.8,44.6,13.9,0.37,0.79,26.8,28.8,84,0.0,1006.6,1.01,160,0.5909090909090909,0.36363636363636365,0.5454545454545454,0.8181818181818181,38.5,37.71059652928416,18.21211079103818,18.21211079103818,-0.6973381694037034,0.0,0.4727272727272728,LOW,-1
3409396,"Nawapara SECL Colony, Chhal - CECB",22.118125,83.140608,2026-09-17 13:30:00+00:00,23.9,45.8,7.46,5.69,0.575,41.2,26.6,92,0.0,978.4,0.6,336,0.5454545454545454,0.45454545454545453,0.18181818181818182,0.8636363636363636,26.1,27.942463247863248,15.186395368928133,15.186395368928133,-0.14486650364057263,0.0,0.42272727272727273,LOW,-1
3409469,"Kasarvadavali, Thane - MPCB",19.26777,72.97182,2026-09-17 13:30:00+00:00,15.5,55.4,12.9,4.25,0.983,7.45,27.9,81,0.0,1007.2,2.04,242,0.4090909090909091,0.6363636363636364,0.45454545454545453,0.36363636363636365,26.3,26.91552507792576,10.142066276539454,10.142066276539454,-1.0648717633587619,0.0,0.3954545454545455,LOW,-1
5648,"Ward-32 Bapupara, Siliguri - WBPCB",26.6883049,88.412668,2026-09-17 13:30:00+00:00,17.2,35.5,12.6,12.5,0.855,19.7,25.8,98,0.8,993.3,0.54,214,0.45454545454545453,0.2727272727272727,0.4090909090909091,0.9090909090909091,15.9,17.922185970636217,8.695248781958204,8.695248781958204,0.14950693563792822,0.029901387127585645,0.3931215717055015,LOW,-1
3409431,"Digari Kalan, Jodhpur - RSPCB",26.295809999999996,73.08228299999999,2026-09-17 13:30:00+00:00,14.5,41.8,13.4,3.9,0.313,56.7,26.7,86,0.4,982.7,1.2,163,0.36363636363636365,0.3181818181818182,0.5,0.5909090909090908,16.5,17.978321945886858,10.269998931218286,10.269998931218286,-0.19474198716033836,0.0,0.3431818181818182,LOW,-1
6266793,"Ashta Vinayak Nagar, Hingoli - MPCB",19.710842,77.151824,2026-09-17 13:30:00+00:00,13.5,46.5,5.95,3.6,0.333,34.6,28.7,72,0.0,958.3,1.17,313,0.3181818181818182,0.5454545454545454,0.09090909090909091,0.6818181818181819,17.3,19.18188205417607,10.677626080494019,10.677626080494019,-0.3558843483891868,0.0,0.3181818181818182,LOW,-1
363601,"Girls College, Sivasagar - PCBA",26.987634000000003,94.636574,2026-09-17 13:30:00+00:00,10.4,35.1,15.5,6.52,0.475,17.1,25.6,97,0.1,996.7,1.19,28,0.18181818181818182,0.22727272727272727,0.6818181818181818,0.6363636363636364,12.2,13.600468027210885,5.7784541333004285,5.7784541333004285,-0.3115019966372752,0.0,0.2840909090909091,LOW,-1
220265,"Rajbagh, Srinagar - JKSPCB",34.06621,74.81982,2026-09-17 13:30:00+00:00,10.5,27.5,15.4,2.75,0.258,0.355,17.2,74,0.1,843.9,1.71,302,0.25,0.18181818181818182,0.6363636363636364,0.4545454545454546,13.6,13.742378262039278,3.888561541944626,3.888561541944626,-0.7972099622344473,0.0,0.2772727272727273,LOW,-1
5649,"Tirumala, Tirupati - APPCB",13.67,79.35,2026-09-17 13:30:00+00:00,10.0,23.5,46.3,5.1,0.37,56.5,22.8,97,0.0,908.6,1.7,273,0.13636363636363635,0.13636363636363635,0.9090909090909091,0.5,17.8,21.040520517763703,12.305655148225851,12.305655148225851,-0.6338549151626888,0.0,0.2681818181818182,LOW,-1
228352,"Shastripuram, Agra - UPPCB",27.19862,77.92066,2026-09-17 13:30:00+00:00,10.5,14.7,46.8,28.9,0.738,20.7,27.5,74,0.0,987.5,4.9,231,0.25,0.09090909090909091,0.9545454545454546,0.0,22.2,24.115718613261528,11.809422417085964,11.809422417085964,-0.9907343125496425,0.0,0.26136363636363635,LOW,-1
3409419,"Railway Colony, Barmer - RSPCB",25.747299,71.393989,2026-09-17 13:30:00+00:00,8.25,45.5,11.8,3.1,1.25,37.2,30.6,65,0.1,983.3,1.48,123,0.09090909090909091,0.4090909090909091,0.3181818181818182,0.5454545454545454,15.0,18.02698907103825,13.005777913957662,13.005777913957662,-0.519000097084233,0.0,0.22045454545454546,LOW,-1
3409422,"Indra Nagar, Jhunjhunu - RSPCB",28.108988,75.386577,2026-09-17 13:30:00+00:00,6.5,14.5,11.2,2.38,0.313,43.9,29.3,55,0.0,969.4,4.02,186,0.045454545454545456,0.045454545454545456,0.2727272727272727,0.045454545454545414,22.7,26.356696335078535,17.651197641804256,17.651197641804256,-0.9177847491567762,0.0,0.07272727272727272,LOW,-1
