correlation_id,fire_event_id,fire_scope,fire_latitude,fire_longitude,fire_timestamp,fire_event_end,fire_detection_count,fire_satellites,fire_max_frp,fire_confidence,station_id,station,station_latitude,station_longitude,station_timestamp,distance_km,time_lag_hours,pm25_at_response,pm25_baseline_median,pm25_baseline_p75,pm25_zscore,pm25_elevation_score,wind_speed_10m,wind_direction_10m,wind_alignment_score,wind_speed_support,kinematic_travel_time_hours,transport_time_score,transport_plausible,spatial_score,temporal_score,satellite_strength_score,event_score,origin_type,evidence_level,correlation_reason,recommended_action,event_latitude,event_longitude,event_timestamp,detection_count,max_frp,satellite_strength_score_landcover,worldcover_tile,dominant_landcover_code,dominant_landcover,dominant_landcover_fraction,cropland_fraction,forest_fraction,shrubland_fraction,grassland_fraction,builtup_fraction,bare_sparse_fraction,water_fraction,wetland_fraction,mangrove_fraction,moss_lichen_fraction,valid_pixel_count,sample_coverage_fraction,landcover_context,agricultural_context,classification_status,classification_error,landcover_source,agricultural_burning_score,source_context,evidence_summary,response_priority
FPE-0001,SATF-0944,INDIA,13.676,79.6,2026-09-16 08:30:00+00:00,2026-09-16 08:30:00+00:00,1,N20,5.46,n,5649,"Tirumala, Tirupati - APPCB",13.67,79.35,2026-09-16 11:30:00+00:00,27.019,3.0,60.5,17.5,27.225,3.484,1.0,2.35,268,0.0,1.0,3.194,0.939,True,0.775,0.833,0.706,0.789,POTENTIAL_LOCAL_BURNING,STRONG,strong PM2.5 elevation; fire event is close to station; observed timing is compatible with simple wind-based travel screening,"Verify agricultural burning activity, monitor downwind stations, and assess whether additional satellite observations support the event.",13.676,79.6,2026-09-16 08:30:00+00:00,1.0,5.46,0.706,N12E078,40.0,Cropland,0.8030937598653057,0.803,0.0565505629801115,0.0753235820267284,0.0459433862990634,0.013490476691571,0.0012627591286962,0.0,0.0043354730085236,0.0,0.0,47515.0,1.0,CROPLAND_DOMINANT,True,SUCCESS,,ESA WorldCover 2021,0.848,POTENTIAL_AGRICULTURAL_BURNING,Satellite fire detected with n confidence; maximum FRP 5.5; surrounding land cover is 80.3% cropland; strong PM2.5 elevation at a monitoring station; monitoring station 27.0 km from fire event; PM2.5 response observed 3.0 hours after fire detection; timing passes simple wind-based transport screening,HIGH
FPE-0002,SATF-0938,INDIA,13.742,79.659,2026-09-16 08:30:00+00:00,2026-09-16 08:30:00+00:00,1,N20,10.54,n,5649,"Tirumala, Tirupati - APPCB",13.67,79.35,2026-09-16 11:30:00+00:00,34.328,3.0,60.5,17.5,27.225,3.484,1.0,2.35,268,0.0,1.0,4.058,0.739,True,0.714,0.833,0.842,0.788,POTENTIAL_LOCAL_BURNING,STRONG,strong PM2.5 elevation; fire event is close to station; observed timing is compatible with simple wind-based travel screening,"Verify agricultural burning activity, monitor downwind stations, and assess whether additional satellite observations support the event.",13.742,79.659,2026-09-16 08:30:00+00:00,1.0,10.54,0.842,N12E078,40.0,Cropland,0.6881405871829949,0.688,0.0553298958223718,0.1728296327475534,0.0031148058507839,0.0260128380511417,0.0002946437966957,0.0058297379774807,0.0484478585709775,0.0,0.0,47515.0,1.0,CROPLAND_DOMINANT,True,SUCCESS,,ESA WorldCover 2021,0.813,POTENTIAL_AGRICULTURAL_BURNING,Satellite fire detected with n confidence; maximum FRP 10.5; surrounding land cover is 68.8% cropland; strong PM2.5 elevation at a monitoring station; monitoring station 34.3 km from fire event; PM2.5 response observed 3.0 hours after fire detection; timing passes simple wind-based transport screening,HIGH
FPE-0003,SATF-0885,INDIA,13.812,79.523,2026-09-16 07:33:00+00:00,2026-09-16 07:33:00+00:00,1,N21,4.73,n,5649,"Tirumala, Tirupati - APPCB",13.67,79.35,2026-09-16 11:30:00+00:00,24.464,3.95,60.5,17.5,27.225,3.484,1.0,2.35,268,0.0,1.0,2.892,0.817,True,0.796,0.781,0.672,0.783,POTENTIAL_LOCAL_BURNING,STRONG,strong PM2.5 elevation; fire event is close to station; observed timing is compatible with simple wind-based travel screening,"Verify agricultural burning activity, monitor downwind stations, and assess whether additional satellite observations support the event.",13.812,79.523,2026-09-16 07:33:00+00:00,1.0,4.73,0.672,N12E078,40.0,Cropland,0.4892272395453123,0.489,0.2580456773386171,0.2135363437271874,0.0345812910626759,0.0006048597351131,0.0018145792053394,0.0021900093857545,0.0,0.0,0.0,47945.0,1.0,CROPLAND_PRESENT,True,SUCCESS,,ESA WorldCover 2021,0.753,POTENTIAL_AGRICULTURAL_BURNING,Satellite fire detected with n confidence; maximum FRP 4.7; cropland is present in 48.9% of the sampled area; strong PM2.5 elevation at a monitoring station; monitoring station 24.5 km from fire event; PM2.5 response observed 4.0 hours after fire detection; timing passes simple wind-based transport screening,HIGH
FPE-0004,SATF-0947,INDIA,13.866,79.546,2026-09-16 08:30:00+00:00,2026-09-16 08:30:00+00:00,1,N20,4.4,n,5649,"Tirumala, Tirupati - APPCB",13.67,79.35,2026-09-16 11:30:00+00:00,30.382,3.0,60.5,17.5,27.225,3.484,1.0,2.35,268,0.0,1.0,3.591,0.835,True,0.747,0.833,0.652,0.777,POTENTIAL_LOCAL_BURNING,STRONG,strong PM2.5 elevation; fire event is close to station; observed timing is compatible with simple wind-based travel screening,"Verify agricultural burning activity, monitor downwind stations, and assess whether additional satellite observations support the event.",13.866,79.546,2026-09-16 08:30:00+00:00,1.0,4.4,0.652,N12E078,40.0,Cropland,0.6985504223589529,0.699,0.0770674731463134,0.1297111273334028,0.0377098758994681,0.0100323287099801,0.0017728647408488,0.0451559078110334,0.0,0.0,0.0,47945.0,1.0,CROPLAND_DOMINANT,True,SUCCESS,,ESA WorldCover 2021,0.814,POTENTIAL_AGRICULTURAL_BURNING,Satellite fire detected with n confidence; maximum FRP 4.4; surrounding land cover is 69.9% cropland; strong PM2.5 elevation at a monitoring station; monitoring station 30.4 km from fire event; PM2.5 response observed 3.0 hours after fire detection; timing passes simple wind-based transport screening,HIGH
FPE-0005,SATF-0946,INDIA,13.761,79.743,2026-09-16 08:30:00+00:00,2026-09-16 08:30:00+00:00,1,N20,4.58,n,5649,"Tirumala, Tirupati - APPCB",13.67,79.35,2026-09-16 11:30:00+00:00,43.643,3.0,60.5,17.5,27.225,3.484,1.0,2.35,268,0.0,1.0,5.159,0.582,True,0.636,0.833,0.664,0.75,POTENTIAL_LOCAL_BURNING,STRONG,strong PM2.5 elevation; fire event is close to station; observed timing is compatible with simple wind-based travel screening,"Verify agricultural burning activity, monitor downwind stations, and assess whether additional satellite observations support the event.",13.761,79.743,2026-09-16 08:30:00+00:00,1.0,4.58,0.664,N12E078,40.0,Cropland,0.5133536777859623,0.513,0.0388929811638429,0.1495527728085867,0.0763548353151636,0.0290224139745343,0.1250341997264022,0.0044407029359149,0.0633484162895927,0.0,0.0,47515.0,1.0,CROPLAND_DOMINANT,True,SUCCESS,,ESA WorldCover 2021,0.752,POTENTIAL_AGRICULTURAL_BURNING,Satellite fire detected with n confidence; maximum FRP 4.6; surrounding land cover is 51.3% cropland; strong PM2.5 elevation at a monitoring station; monitoring station 43.6 km from fire event; PM2.5 response observed 3.0 hours after fire detection; timing passes simple wind-based transport screening,HIGH
FPE-0006,SATF-0217,INDIA,13.711,79.619,2026-09-13 20:17:00+00:00,2026-09-13 20:17:00+00:00,1,N20,2.31,n,5649,"Tirumala, Tirupati - APPCB",13.67,79.35,2026-09-14 05:30:00+00:00,29.417,9.217,48.5,17.5,27.225,2.512,0.837,1.13,135,0.589,1.0,7.231,0.863,True,0.755,0.488,0.462,0.71,POTENTIAL_LOCAL_BURNING,STRONG,strong PM2.5 elevation; fire event is close to station; wind direction supports transport; observed timing is compatible with simple wind-based travel screening,"Verify agricultural burning activity, monitor downwind stations, and assess whether additional satellite observations support the event.",13.711,79.619,2026-09-13 20:17:00+00:00,1.0,2.31,0.462,N12E078,40.0,Cropland,0.5030200989161318,0.503,0.177396611596338,0.1046616857834368,0.0344101862569714,0.1178785646637903,0.0625065768704619,0.0001262759128696,0.0,0.0,0.0,47515.0,1.0,CROPLAND_DOMINANT,True,SUCCESS,,ESA WorldCover 2021,0.681,POTENTIAL_AGRICULTURAL_BURNING,Satellite fire detected with n confidence; maximum FRP 2.3; surrounding land cover is 50.3% cropland; strong PM2.5 elevation at a monitoring station; monitoring station 29.4 km from fire event; PM2.5 response observed 9.2 hours after fire detection; wind direction supports transport; timing passes simple wind-based transport screening,HIGH
FPE-0007,SATF-0017,OUTSIDE_INDIA,26.68,96.226,2026-09-13 06:52:00+00:00,2026-09-13 06:52:00+00:00,1,N21,2.1,n,363601,"Girls College, Sivasagar - PCBA",26.988,94.637,2026-09-14 16:30:00+00:00,161.371,33.633,39.2,12.2,16.2,4.697,1.0,1.45,44,0.521,1.0,30.914,0.956,True,0.539,0.299,0.432,0.702,SATELLITE_FIRE_ASSOCIATION,STRONG,strong PM2.5 elevation; fire event is within regional analysis radius; wind direction supports transport; observed timing is compatible with simple wind-based travel screening,Continue monitoring and seek additional evidence before source attribution.,,,,,,,,,,,0.0,,,,,,,,,,,,,False,,,ESA WorldCover 2021,0.585,SATELLITE_FIRE_ASSOCIATION,Satellite fire detected with n confidence; maximum FRP 2.1; strong PM2.5 elevation at a monitoring station; monitoring station 161.4 km from fire event; PM2.5 response observed 33.6 hours after fire detection; wind direction supports transport; timing passes simple wind-based transport screening,HIGH
FPE-0009,SATF-0445,INDIA,20.967,85.176,2026-09-14 19:02:00+00:00,2026-09-14 20:42:00+00:00,15,"N20,N21",6.01,n,3409506,"CDA Area, Cuttack - OSPCB",20.489,85.848,2026-09-15 09:30:00+00:00,87.781,14.467,85.5,18.0,26.0,5.502,1.0,2.87,317,0.985,1.0,8.496,0.649,True,0.268,0.196,0.736,0.692,POTENTIAL_DOMESTIC_TRANSPORT,MODERATE,strong PM2.5 elevation; fire event is within domestic analysis radius; wind direction strongly supports transport; observed timing is compatible with simple wind-based travel screening,Monitor downwind stations and investigate regional burning conditions.,20.967,85.176,2026-09-14 19:02:00+00:00,15.0,6.01,0.736,N18E084,60.0,Bare/Sparse Vegetation,0.4328400281888654,0.014,0.1321252391019833,0.0,0.1064733715896506,0.0130876875062921,0.4328400281888654,0.3011980267794221,0.0,0.0,0.0,49665.0,1.0,MIXED_OR_OTHER,False,SUCCESS,,ESA WorldCover 2021,0.587,POTENTIAL_DOMESTIC_TRANSPORT,Satellite fire detected with n confidence; maximum FRP 6.0; strong PM2.5 elevation at a monitoring station; monitoring station 87.8 km from fire event; PM2.5 response observed 14.5 hours after fire detection; wind direction strongly supports transport; timing passes simple wind-based transport screening,HIGH
FPE-0008,SATF-1014,INDIA,21.336,78.968,2026-09-16 20:04:00+00:00,2026-09-16 20:59:00+00:00,2,"N20,N21",3.27,n,3409464,"Ambazari, Nagpur - MPCB",21.122,79.05,2026-09-16 20:30:00+00:00,25.272,0.433,56.6,28.0,37.4,2.039,0.68,1.2,253,0.044,1.0,5.85,0.0,False,0.789,0.976,0.563,0.692,POTENTIAL_LOCAL_BURNING,MODERATE,moderate PM2.5 elevation; fire event is close to station; PM2.5 elevation followed fire detection quickly,"Verify agricultural burning activity, monitor downwind stations, and assess whether additional satellite observations support the event.",21.336,78.968,2026-09-16 20:04:00+00:00,2.0,3.27,0.563,N21E078,40.0,Cropland,0.6862579281183933,0.686,0.010067451927917,0.001570522500755,0.2214235377026074,0.013832678948958,0.066626396858955,0.0002214839424141,0.0,0.0,0.0,49665.0,1.0,CROPLAND_DOMINANT,True,SUCCESS,,ESA WorldCover 2021,0.677,POTENTIAL_AGRICULTURAL_BURNING,Satellite fire detected with n confidence; maximum FRP 3.3; surrounding land cover is 68.6% cropland; moderate PM2.5 elevation at a monitoring station; monitoring station 25.3 km from fire event; PM2.5 response observed 0.4 hours after fire detection,HIGH
FPE-0010,SATF-0199,INDIA,17.606,83.201,2026-09-13 19:21:00+00:00,2026-09-13 20:19:00+00:00,4,"N20,N21",1.93,n,5628,"GVM Corporation, Visakhapatnam - APPCB",17.723,83.308,2026-09-14 01:30:00+00:00,17.243,6.15,53.0,26.5,37.0,1.723,0.574,2.17,255,0.831,1.0,2.207,0.107,True,0.856,0.658,0.409,0.688,POTENTIAL_LOCAL_BURNING,MODERATE,moderate PM2.5 elevation; fire event is close to station; wind direction strongly supports transport; observed timing is compatible with simple wind-based travel screening,Verify local burning activity and inspect nearby air-quality conditions.,17.606,83.201,2026-09-13 19:21:00+00:00,4.0,1.93,0.409,N15E081,50.0,Built-up,0.707017723593894,0.001,0.2725950210019465,0.0,0.001475258682512,0.707017723593894,0.0176826144862206,0.0001229382235426,0.0,0.0,0.0,48805.0,1.0,BUILT_UP_DOMINANT,False,SUCCESS,,ESA WorldCover 2021,0.433,POTENTIAL_LOCAL_BURNING,Satellite fire detected with n confidence; maximum FRP 1.9; moderate PM2.5 elevation at a monitoring station; monitoring station 17.2 km from fire event; PM2.5 response observed 6.2 hours after fire detection; wind direction strongly supports transport; timing passes simple wind-based transport screening,HIGH
FPE-0011,SATF-0329,INDIA,27.377,95.337,2026-09-14 07:31:00+00:00,2026-09-14 07:31:00+00:00,1,N20,1.78,n,363601,"Girls College, Sivasagar - PCBA",26.988,94.637,2026-09-14 16:30:00+00:00,81.698,8.983,39.2,12.2,16.2,4.697,1.0,1.45,44,0.97,1.0,15.651,0.574,True,0.319,0.501,0.388,0.684,POTENTIAL_DOMESTIC_TRANSPORT,MODERATE,strong PM2.5 elevation; fire event is within domestic analysis radius; wind direction strongly supports transport; observed timing is compatible with simple wind-based travel screening,"Verify agricultural burning activity, monitor downwind stations, and assess whether additional satellite observations support the event.",27.377,95.337,2026-09-14 07:31:00+00:00,1.0,1.78,0.388,N27E093,40.0,Cropland,0.4976361374294191,0.498,0.4191597282036559,0.0042300698631447,0.0138386448463967,0.063948703225189,0.0010910134941142,9.570293808019906e-05,0.0,0.0,0.0,52245.0,1.0,CROPLAND_PRESENT,True,SUCCESS,,ESA WorldCover 2021,0.73,POTENTIAL_AGRICULTURAL_BURNING,Satellite fire detected with n confidence; maximum FRP 1.8; cropland is present in 49.8% of the sampled area; strong PM2.5 elevation at a monitoring station; monitoring station 81.7 km from fire event; PM2.5 response observed 9.0 hours after fire detection; wind direction strongly supports transport; timing passes simple wind-based transport screening,HIGH
FPE-0013,SATF-0448,INDIA,21.077,85.041,2026-09-14 19:02:00+00:00,2026-09-14 20:42:00+00:00,13,"N20,N21",4.8,n,3409506,"CDA Area, Cuttack - OSPCB",20.489,85.848,2026-09-15 09:30:00+00:00,106.344,14.467,85.5,18.0,26.0,5.502,1.0,2.87,317,0.987,1.0,10.293,0.797,True,0.114,0.196,0.676,0.678,POTENTIAL_DOMESTIC_TRANSPORT,MODERATE,strong PM2.5 elevation; fire event is within domestic analysis radius; wind direction strongly supports transport; observed timing is compatible with simple wind-based travel screening,Monitor downwind stations and investigate regional burning conditions.,21.077,85.041,2026-09-14 19:02:00+00:00,13.0,4.8,0.676,N21E084,60.0,Bare/Sparse Vegetation,0.2937883821604752,0.2,0.1357293868921776,0.00048323769254,0.2465317628108325,0.0293768247256619,0.2937883821604752,0.0944729688915735,0.0,0.0,0.0,49665.0,1.0,MIXED_OR_OTHER,False,SUCCESS,,ESA WorldCover 2021,0.639,POTENTIAL_DOMESTIC_TRANSPORT,Satellite fire detected with n confidence; maximum FRP 4.8; strong PM2.5 elevation at a monitoring station; monitoring station 106.3 km from fire event; PM2.5 response observed 14.5 hours after fire detection; wind direction strongly supports transport; timing passes simple wind-based transport screening,HIGH
FPE-0012,SATF-1025,INDIA,21.248,79.214,2026-09-16 20:04:00+00:00,2026-09-16 20:59:00+00:00,2,"N20,N21",1.83,n,3409464,"Ambazari, Nagpur - MPCB",21.122,79.05,2026-09-16 20:30:00+00:00,22.085,0.433,56.6,28.0,37.4,2.039,0.68,1.2,253,0.0,1.0,5.112,0.0,False,0.816,0.976,0.396,0.678,POTENTIAL_LOCAL_BURNING,MODERATE,moderate PM2.5 elevation; fire event is close to station; PM2.5 elevation followed fire detection quickly,"Verify agricultural burning activity, monitor downwind stations, and assess whether additional satellite observations support the event.",21.248,79.214,2026-09-16 20:04:00+00:00,2.0,1.83,0.396,N21E078,40.0,Cropland,0.4624182019530857,0.462,0.1521393335346823,0.0023759186549884,0.1816973723950468,0.0637873754152823,0.13446088794926,0.0031209100976542,0.0,0.0,0.0,49665.0,1.0,CROPLAND_PRESENT,True,SUCCESS,,ESA WorldCover 2021,0.606,POTENTIAL_AGRICULTURAL_BURNING,Satellite fire detected with n confidence; maximum FRP 1.8; cropland is present in 46.2% of the sampled area; moderate PM2.5 elevation at a monitoring station; monitoring station 22.1 km from fire event; PM2.5 response observed 0.4 hours after fire detection,HIGH
FPE-0014,SATF-0447,INDIA,20.876,84.987,2026-09-14 19:02:00+00:00,2026-09-14 20:42:00+00:00,17,"N20,N21",5.0,n,3409506,"CDA Area, Cuttack - OSPCB",20.489,85.848,2026-09-15 09:30:00+00:00,99.344,14.467,85.5,18.0,26.0,5.502,1.0,2.87,317,0.931,1.0,9.615,0.748,True,0.172,0.196,0.684,0.674,POTENTIAL_DOMESTIC_TRANSPORT,MODERATE,strong PM2.5 elevation; fire event is within domestic analysis radius; wind direction strongly supports transport; observed timing is compatible with simple wind-based travel screening,Monitor downwind stations and investigate regional burning conditions.,20.876,84.987,2026-09-14 19:02:00+00:00,17.0,5.0,0.684,N18E084,10.0,Tree Cover,0.4315312594382361,0.015,0.4315312594382361,0.0,0.0373099768448605,0.428269405013591,0.0817477096546864,0.0065035739454344,0.0,0.0,0.0,49665.0,1.0,MIXED_OR_OTHER,False,SUCCESS,,ESA WorldCover 2021,0.583,POTENTIAL_DOMESTIC_TRANSPORT,Satellite fire detected with n confidence; maximum FRP 5.0; strong PM2.5 elevation at a monitoring station; monitoring station 99.3 km from fire event; PM2.5 response observed 14.5 hours after fire detection; wind direction strongly supports transport; timing passes simple wind-based transport screening,HIGH
FPE-0015,SATF-0491,INDIA,17.604,83.197,2026-09-14 19:57:00+00:00,2026-09-14 20:42:00+00:00,6,"N20,N21",4.94,n,5628,"GVM Corporation, Visakhapatnam - APPCB",17.723,83.308,2026-09-15 05:30:00+00:00,17.691,9.55,50.0,26.5,37.0,1.528,0.509,1.88,245,0.919,1.0,2.614,0.0,True,0.853,0.469,0.682,0.672,POTENTIAL_LOCAL_BURNING,MODERATE,moderate PM2.5 elevation; fire event is close to station; wind direction strongly supports transport; observed timing is compatible with simple wind-based travel screening,Verify local burning activity and inspect nearby air-quality conditions.,17.604,83.197,2026-09-14 19:57:00+00:00,6.0,4.94,0.682,N15E081,50.0,Built-up,0.699354574326401,0.006,0.2628214322303043,0.0,0.0013318307550455,0.699354574326401,0.0299764368404876,0.0006761602294846,0.0,0.0,0.0,48805.0,1.0,BUILT_UP_DOMINANT,False,SUCCESS,,ESA WorldCover 2021,0.408,POTENTIAL_LOCAL_BURNING,Satellite fire detected with n confidence; maximum FRP 4.9; moderate PM2.5 elevation at a monitoring station; monitoring station 17.7 km from fire event; PM2.5 response observed 9.6 hours after fire detection; wind direction strongly supports transport; timing passes simple wind-based transport screening,HIGH
FPE-0016,SATF-0450,INDIA,20.783,85.269,2026-09-14 19:02:00+00:00,2026-09-14 20:42:00+00:00,29,"N20,N21",3.84,n,3409506,"CDA Area, Cuttack - OSPCB",20.489,85.848,2026-09-15 09:30:00+00:00,68.524,14.467,85.5,18.0,26.0,5.502,1.0,2.87,317,0.948,1.0,6.632,0.409,True,0.429,0.196,0.607,0.67,POTENTIAL_DOMESTIC_TRANSPORT,MODERATE,strong PM2.5 elevation; fire event is within domestic analysis radius; wind direction strongly supports transport; observed timing is compatible with simple wind-based travel screening,Monitor downwind stations and investigate regional burning conditions.,20.783,85.269,2026-09-14 19:02:00+00:00,29.0,3.84,0.607,N18E084,10.0,Tree Cover,0.330212423235679,0.188,0.330212423235679,0.0,0.1349038558340884,0.2905869324473976,0.0319339575153528,0.02474579683882,0.0,0.0,0.0,49665.0,1.0,MIXED_OR_OTHER,False,SUCCESS,,ESA WorldCover 2021,0.634,POTENTIAL_DOMESTIC_TRANSPORT,Satellite fire detected with n confidence; maximum FRP 3.8; strong PM2.5 elevation at a monitoring station; monitoring station 68.5 km from fire event; PM2.5 response observed 14.5 hours after fire detection; wind direction strongly supports transport; timing passes simple wind-based transport screening,HIGH
FPE-0017,SATF-0500,INDIA,20.957,85.012,2026-09-14 19:57:00+00:00,2026-09-14 20:42:00+00:00,4,"N20,N21",2.15,n,3409506,"CDA Area, Cuttack - OSPCB",20.489,85.848,2026-09-15 09:30:00+00:00,101.305,13.55,85.5,18.0,26.0,5.502,1.0,2.87,317,0.96,1.0,9.805,0.809,True,0.156,0.247,0.44,0.665,POTENTIAL_DOMESTIC_TRANSPORT,MODERATE,strong PM2.5 elevation; fire event is within domestic analysis radius; wind direction strongly supports transport; observed timing is compatible with simple wind-based travel screening,Monitor downwind stations and investigate regional burning conditions.,20.957,85.012,2026-09-14 19:57:00+00:00,4.0,2.15,0.44,N18E084,60.0,Bare/Sparse Vegetation,0.3331521191986308,0.093,0.1742273230645323,0.0059599315413268,0.3129970804389409,0.0248464713580992,0.3331521191986308,0.0556126044498137,0.0,0.0,0.0,49665.0,1.0,MIXED_OR_OTHER,False,SUCCESS,,ESA WorldCover 2021,0.604,POTENTIAL_DOMESTIC_TRANSPORT,Satellite fire detected with n confidence; maximum FRP 2.1; strong PM2.5 elevation at a monitoring station; monitoring station 101.3 km from fire event; PM2.5 response observed 13.6 hours after fire detection; wind direction strongly supports transport; timing passes simple wind-based transport screening,HIGH
FPE-0018,SATF-0333,INDIA,12.989,76.124,2026-09-14 08:09:00+00:00,2026-09-14 09:05:00+00:00,2,"N20,N21",12.4,n,11582,"Stuart Hill, Madikeri - KSPCB",12.416,75.735,2026-09-14 19:30:00+00:00,76.426,11.35,27.0,9.0,13.5,3.204,1.0,1.84,311,0.13,1.0,11.538,0.984,True,0.363,0.369,0.859,0.662,POTENTIAL_DOMESTIC_TRANSPORT,MODERATE,strong PM2.5 elevation; fire event is within domestic analysis radius; observed timing is compatible with simple wind-based travel screening,"Verify agricultural burning activity, monitor downwind stations, and assess whether additional satellite observations support the event.",12.989,76.124,2026-09-14 08:09:00+00:00,2.0,12.4,0.859,N12E075,40.0,Cropland,0.4115752920130485,0.412,0.3159844259707461,0.0259707460801852,0.0763758813006419,0.1630432495001578,0.0053246343260023,0.0017257708092181,0.0,0.0,0.0,47515.0,1.0,CROPLAND_PRESENT,True,SUCCESS,,ESA WorldCover 2021,0.699,POTENTIAL_AGRICULTURAL_BURNING,Satellite fire detected with n confidence; maximum FRP 12.4; cropland is present in 41.2% of the sampled area; strong PM2.5 elevation at a monitoring station; monitoring station 76.4 km from fire event; PM2.5 response observed 11.3 hours after fire detection; timing passes simple wind-based transport screening,HIGH
FPE-0019,SATF-0816,INDIA,13.71,79.62,2026-09-15 20:25:00+00:00,2026-09-15 20:25:00+00:00,1,N21,2.57,n,5649,"Tirumala, Tirupati - APPCB",13.67,79.35,2026-09-16 11:30:00+00:00,29.507,15.083,60.5,17.5,27.225,3.484,1.0,2.35,268,0.0,1.0,3.488,0.0,True,0.754,0.162,0.495,0.662,POTENTIAL_LOCAL_BURNING,MODERATE,strong PM2.5 elevation; fire event is close to station; observed timing is compatible with simple wind-based travel screening,"Verify agricultural burning activity, monitor downwind stations, and assess whether additional satellite observations support the event.",13.71,79.62,2026-09-15 20:25:00+00:00,1.0,2.57,0.495,N12E078,40.0,Cropland,0.46204356518994,0.462,0.1829737977480795,0.1266547406082289,0.0280332526570556,0.130632431863622,0.0624013469430706,0.0072608649900031,0.0,0.0,0.0,47515.0,1.0,CROPLAND_PRESENT,True,SUCCESS,,ESA WorldCover 2021,0.714,POTENTIAL_AGRICULTURAL_BURNING,Satellite fire detected with n confidence; maximum FRP 2.6; cropland is present in 46.2% of the sampled area; strong PM2.5 elevation at a monitoring station; monitoring station 29.5 km from fire event; PM2.5 response observed 15.1 hours after fire detection; timing passes simple wind-based transport screening,HIGH
FPE-0022,SATF-1075,INDIA,13.71,79.619,2026-09-16 20:06:00+00:00,2026-09-16 21:01:00+00:00,2,"N20,N21",2.47,n,5649,"Tirumala, Tirupati - APPCB",13.67,79.35,2026-09-16 23:30:00+00:00,29.4,3.4,42.0,17.5,27.225,1.985,0.662,1.34,243,0.0,1.0,6.095,0.558,True,0.755,0.811,0.483,0.64,POTENTIAL_LOCAL_BURNING,MODERATE,moderate PM2.5 elevation; fire event is close to station; observed timing is compatible with simple wind-based travel screening,"Verify agricultural burning activity, monitor downwind stations, and assess whether additional satellite observations support the event.",13.71,79.619,2026-09-16 20:06:00+00:00,2.0,2.47,0.483,N12E078,40.0,Cropland,0.5098389982110912,0.51,0.1743870356729454,0.111459539092918,0.0269178154267073,0.1176260128380511,0.0596443228454172,0.0001262759128696,0.0,0.0,0.0,47515.0,1.0,CROPLAND_DOMINANT,True,SUCCESS,,ESA WorldCover 2021,0.605,POTENTIAL_AGRICULTURAL_BURNING,Satellite fire detected with n confidence; maximum FRP 2.5; surrounding land cover is 51.0% cropland; moderate PM2.5 elevation at a monitoring station; monitoring station 29.4 km from fire event; PM2.5 response observed 3.4 hours after fire detection; timing passes simple wind-based transport screening,HIGH
FPE-0020,SATF-0720,INDIA,22.005,82.669,2026-09-15 19:38:00+00:00,2026-09-15 20:21:00+00:00,5,"N20,N21",2.07,n,3409396,"Nawapara SECL Colony, Chhal - CECB",22.118,83.141,2026-09-16 05:30:00+00:00,50.202,9.867,55.3,25.9,37.0,1.927,0.642,0.9,251,0.997,0.25,15.495,0.637,True,0.582,0.452,0.428,0.642,POTENTIAL_DOMESTIC_TRANSPORT,MODERATE,moderate PM2.5 elevation; fire event is within domestic analysis radius; wind direction strongly supports transport; observed timing is compatible with simple wind-based travel screening,Monitor downwind stations and investigate regional burning conditions.,22.005,82.669,2026-09-15 19:38:00+00:00,5.0,2.07,0.428,N21E081,10.0,Tree Cover,0.3673021259606747,0.131,0.3673021259606747,0.0,0.1542269687593572,0.0970156702265695,0.1494360714642179,0.1008084639185547,0.0,0.0,0.0,50095.0,1.0,NATURAL_VEGETATION_DOMINANT,False,SUCCESS,,ESA WorldCover 2021,0.485,POTENTIAL_DOMESTIC_TRANSPORT,Satellite fire detected with n confidence; maximum FRP 2.1; moderate PM2.5 elevation at a monitoring station; monitoring station 50.2 km from fire event; PM2.5 response observed 9.9 hours after fire detection; wind direction strongly supports transport; timing passes simple wind-based transport screening,MODERATE
FPE-0021,SATF-0757,INDIA,33.725,74.656,2026-09-15 20:19:00+00:00,2026-09-15 20:19:00+00:00,1,N21,0.89,n,220265,"Rajbagh, Srinagar - JKSPCB",34.066,74.82,2026-09-15 20:30:00+00:00,40.843,0.183,22.3,13.6,16.15,2.233,0.744,0.32,129,0.298,0.25,,0.0,False,0.66,0.99,0.245,0.641,POTENTIAL_LOCAL_BURNING,MODERATE,strong PM2.5 elevation; fire event is close to station; PM2.5 elevation followed fire detection quickly,Verify local burning activity and inspect nearby air-quality conditions.,33.725,74.656,2026-09-15 20:19:00+00:00,1.0,0.89,0.245,N33E072,30.0,Grassland,0.5910388794109724,0.0,0.4087994971715902,0.0,0.5910388794109724,0.0,0.0,0.0,0.0,0.0,0.0,55685.0,1.0,NATURAL_VEGETATION_DOMINANT,False,SUCCESS,,ESA WorldCover 2021,0.481,POTENTIAL_LOCAL_BURNING,Satellite fire detected with n confidence; maximum FRP 0.9; strong PM2.5 elevation at a monitoring station; monitoring station 40.8 km from fire event; PM2.5 response observed 0.2 hours after fire detection,MODERATE
FPE-0023,SATF-1000,INDIA,17.618,83.199,2026-09-16 19:19:00+00:00,2026-09-16 20:06:00+00:00,2,"N20,N21",0.9,n,5628,"GVM Corporation, Visakhapatnam - APPCB",17.723,83.308,2026-09-17 04:30:00+00:00,16.412,9.183,47.5,26.5,37.0,1.365,0.455,2.13,231,0.994,1.0,2.14,0.0,True,0.863,0.49,0.247,0.623,POTENTIAL_LOCAL_BURNING,MODERATE,moderate PM2.5 elevation; fire event is close to station; wind direction strongly supports transport; observed timing is compatible with simple wind-based travel screening,Verify local burning activity and inspect nearby air-quality conditions.,17.618,83.199,2026-09-16 19:19:00+00:00,2.0,0.9,0.247,N15E081,50.0,Built-up,0.8283782399344329,0.002,0.1506198135436943,0.0,0.00368814670628,0.8283782399344329,0.0153877676467575,2.0489703923778303e-05,0.0,0.0,0.0,48805.0,1.0,BUILT_UP_DOMINANT,False,SUCCESS,,ESA WorldCover 2021,0.376,POTENTIAL_LOCAL_BURNING,Satellite fire detected with n confidence; maximum FRP 0.9; moderate PM2.5 elevation at a monitoring station; monitoring station 16.4 km from fire event; PM2.5 response observed 9.2 hours after fire detection; wind direction strongly supports transport; timing passes simple wind-based transport screening,MODERATE
FPE-0024,SATF-0364,INDIA,13.348,75.831,2026-09-14 08:09:00+00:00,2026-09-14 08:09:00+00:00,1,N21,3.39,n,11582,"Stuart Hill, Madikeri - KSPCB",12.416,75.735,2026-09-14 19:30:00+00:00,104.164,11.35,27.0,9.0,13.5,3.204,1.0,1.84,311,0.577,1.0,15.725,0.722,True,0.132,0.369,0.576,0.616,POTENTIAL_DOMESTIC_TRANSPORT,MODERATE,strong PM2.5 elevation; fire event is within domestic analysis radius; wind direction supports transport; observed timing is compatible with simple wind-based travel screening,Monitor downwind stations and investigate regional burning conditions.,13.348,75.831,2026-09-14 08:09:00+00:00,1.0,3.39,0.576,N12E075,30.0,Grassland,0.4128801431127012,0.196,0.3435125749763232,0.0110912343470483,0.4128801431127012,0.0274650110491423,0.0014311270125223,0.0076607387140902,0.0,0.0,0.0,47515.0,1.0,NATURAL_VEGETATION_DOMINANT,False,SUCCESS,,ESA WorldCover 2021,0.623,POTENTIAL_DOMESTIC_TRANSPORT,Satellite fire detected with n confidence; maximum FRP 3.4; strong PM2.5 elevation at a monitoring station; monitoring station 104.2 km from fire event; PM2.5 response observed 11.3 hours after fire detection; wind direction supports transport; timing passes simple wind-based transport screening,MODERATE
FPE-0025,SATF-0309,INDIA,21.92,83.351,2026-09-14 07:29:00+00:00,2026-09-14 08:13:00+00:00,4,"N20,N21",6.14,n,3409396,"Nawapara SECL Colony, Chhal - CECB",22.118,83.141,2026-09-14 14:30:00+00:00,30.915,7.017,53.1,25.9,37.0,1.783,0.594,1.3,242,0.0,1.0,6.606,0.969,True,0.742,0.61,0.741,0.609,POTENTIAL_LOCAL_BURNING,MODERATE,moderate PM2.5 elevation; fire event is close to station; observed timing is compatible with simple wind-based travel screening,Verify local burning activity and inspect nearby air-quality conditions.,21.92,83.351,2026-09-14 07:29:00+00:00,4.0,6.14,0.741,N21E081,50.0,Built-up,0.4402634993512326,0.1,0.2578900089829324,0.0,0.0402834614232957,0.4402634993512326,0.1387563629104701,0.0223375586385866,0.0,0.0,0.0,50095.0,1.0,MIXED_OR_OTHER,False,SUCCESS,,ESA WorldCover 2021,0.45,POTENTIAL_LOCAL_BURNING,Satellite fire detected with n confidence; maximum FRP 6.1; moderate PM2.5 elevation at a monitoring station; monitoring station 30.9 km from fire event; PM2.5 response observed 7.0 hours after fire detection; timing passes simple wind-based transport screening,MODERATE
FPE-0026,SATF-0444,INDIA,20.97,86.015,2026-09-14 19:02:00+00:00,2026-09-14 20:42:00+00:00,20,"N20,N21",6.89,n,3409506,"CDA Area, Cuttack - OSPCB",20.489,85.848,2026-09-15 09:30:00+00:00,56.254,14.467,85.5,18.0,26.0,5.502,1.0,2.87,317,0.484,1.0,5.445,0.171,True,0.531,0.196,0.771,0.601,POTENTIAL_DOMESTIC_TRANSPORT,MODERATE,strong PM2.5 elevation; fire event is within domestic analysis radius; observed timing is compatible with simple wind-based travel screening,Monitor downwind stations and investigate regional burning conditions.,20.97,86.015,2026-09-14 19:02:00+00:00,20.0,6.89,0.771,N18E084,50.0,Built-up,0.7225208899627504,0.017,0.0893385684083358,0.0,0.0060203362528943,0.7225208899627504,0.1342394040068458,0.0305446491493003,0.0,0.0,0.0,49665.0,1.0,BUILT_UP_DOMINANT,False,SUCCESS,,ESA WorldCover 2021,0.565,POTENTIAL_DOMESTIC_TRANSPORT,Satellite fire detected with n confidence; maximum FRP 6.9; strong PM2.5 elevation at a monitoring station; monitoring station 56.3 km from fire event; PM2.5 response observed 14.5 hours after fire detection; timing passes simple wind-based transport screening,MODERATE
FPE-0027,SATF-0917,OUTSIDE_INDIA,31.329,74.516,2026-09-16 07:37:00+00:00,2026-09-16 07:37:00+00:00,2,N21,5.29,n,6969,"Huda Sector, Fatehabad - HSPCB",29.504,75.468,2026-09-17 00:30:00+00:00,222.547,16.883,584.0,37.1,46.1,11.565,1.0,2.1,91,0.0,1.0,29.437,0.574,True,0.364,0.648,0.698,0.593,SATELLITE_FIRE_ASSOCIATION,MODERATE,strong PM2.5 elevation; fire event is within regional analysis radius; observed timing is compatible with simple wind-based travel screening,Continue monitoring and seek additional evidence before source attribution.,,,,,,,,,,,0.0,,,,,,,,,,,,,False,,,ESA WorldCover 2021,0.558,SATELLITE_FIRE_ASSOCIATION,Satellite fire detected with n confidence; maximum FRP 5.3; strong PM2.5 elevation at a monitoring station; monitoring station 222.5 km from fire event; PM2.5 response observed 16.9 hours after fire detection; timing passes simple wind-based transport screening,MODERATE
FPE-0028,SATF-0290,INDIA,13.006,76.334,2026-09-14 07:26:00+00:00,2026-09-14 07:26:00+00:00,1,N20,6.84,n,11582,"Stuart Hill, Madikeri - KSPCB",12.416,75.735,2026-09-14 19:30:00+00:00,92.337,12.067,27.0,9.0,13.5,3.204,1.0,1.84,311,0.0,1.0,13.94,0.866,True,0.231,0.33,0.77,0.586,POTENTIAL_DOMESTIC_TRANSPORT,MODERATE,strong PM2.5 elevation; fire event is within domestic analysis radius; observed timing is compatible with simple wind-based travel screening,"Verify agricultural burning activity, monitor downwind stations, and assess whether additional satellite observations support the event.",13.006,76.334,2026-09-14 07:26:00+00:00,1.0,6.84,0.77,N12E075,40.0,Cropland,0.4411449016100179,0.441,0.4089866357992213,0.0224771124907923,0.1057771230137851,0.0203304219720088,0.0007155635062611,0.0005682416079132,0.0,0.0,0.0,47515.0,1.0,CROPLAND_PRESENT,True,SUCCESS,,ESA WorldCover 2021,0.689,POTENTIAL_AGRICULTURAL_BURNING,Satellite fire detected with n confidence; maximum FRP 6.8; cropland is present in 44.1% of the sampled area; strong PM2.5 elevation at a monitoring station; monitoring station 92.3 km from fire event; PM2.5 response observed 12.1 hours after fire detection; timing passes simple wind-based transport screening,MODERATE
FPE-0029,SATF-0701,INDIA,22.322,82.571,2026-09-15 19:38:00+00:00,2026-09-15 20:21:00+00:00,12,"N20,N21",3.81,n,3409396,"Nawapara SECL Colony, Chhal - CECB",22.118,83.141,2026-09-16 05:30:00+00:00,62.864,9.867,55.3,25.9,37.0,1.927,0.642,0.9,251,0.766,0.25,19.402,0.509,True,0.476,0.452,0.604,0.585,POTENTIAL_DOMESTIC_TRANSPORT,MODERATE,moderate PM2.5 elevation; fire event is within domestic analysis radius; wind direction strongly supports transport; observed timing is compatible with simple wind-based travel screening,Monitor downwind stations and investigate regional burning conditions.,22.322,82.571,2026-09-15 19:38:00+00:00,12.0,3.81,0.604,N21E081,60.0,Bare/Sparse Vegetation,0.6876334963569218,0.012,0.0112985327877033,0.0,0.1313304721030043,0.0378880127757261,0.6876334963569218,0.120311408324184,0.0,0.0,0.0,50095.0,1.0,MIXED_OR_OTHER,False,SUCCESS,,ESA WorldCover 2021,0.434,POTENTIAL_DOMESTIC_TRANSPORT,Satellite fire detected with n confidence; maximum FRP 3.8; moderate PM2.5 elevation at a monitoring station; monitoring station 62.9 km from fire event; PM2.5 response observed 9.9 hours after fire detection; wind direction strongly supports transport; timing passes simple wind-based transport screening,MODERATE
FPE-0030,SATF-0304,INDIA,17.6,83.184,2026-09-14 07:29:00+00:00,2026-09-14 08:11:00+00:00,2,"N20,N21",8.15,n,5628,"GVM Corporation, Visakhapatnam - APPCB",17.723,83.308,2026-09-15 00:30:00+00:00,18.954,17.017,47.0,26.5,37.0,1.333,0.444,1.66,265,0.754,1.0,3.172,0.0,True,0.842,0.055,0.805,0.58,POTENTIAL_LOCAL_BURNING,MODERATE,moderate PM2.5 elevation; fire event is close to station; wind direction strongly supports transport; observed timing is compatible with simple wind-based travel screening,Verify local burning activity and inspect nearby air-quality conditions.,17.6,83.184,2026-09-14 07:29:00+00:00,2.0,8.15,0.805,N15E081,10.0,Tree Cover,0.6099989755148039,0.014,0.6099989755148039,0.0,0.0052863436123348,0.2976539289007274,0.036594611207868,0.0362053068333162,2.0489703923778303e-05,0.0,0.0,48805.0,1.0,NATURAL_VEGETATION_DOMINANT,False,SUCCESS,,ESA WorldCover 2021,0.365,POTENTIAL_LOCAL_BURNING,Satellite fire detected with n confidence; maximum FRP 8.2; moderate PM2.5 elevation at a monitoring station; monitoring station 19.0 km from fire event; PM2.5 response observed 17.0 hours after fire detection; wind direction strongly supports transport; timing passes simple wind-based transport screening,MODERATE
FPE-0031,SATF-0211,INDIA,26.771,94.506,2026-09-13 20:14:00+00:00,2026-09-13 20:14:00+00:00,1,N20,0.73,n,363601,"Girls College, Sivasagar - PCBA",26.988,94.637,2026-09-14 02:30:00+00:00,27.349,6.267,23.6,12.2,16.2,1.983,0.661,0.53,131,0.221,0.25,14.334,0.0,False,0.772,0.652,0.218,0.579,POTENTIAL_LOCAL_BURNING,MODERATE,moderate PM2.5 elevation; fire event is close to station,"Verify agricultural burning activity, monitor downwind stations, and assess whether additional satellite observations support the event.",26.771,94.506,2026-09-13 20:14:00+00:00,1.0,0.73,0.218,N24E093,10.0,Tree Cover,0.5598764836437325,0.391,0.5598764836437325,0.00150535559201,0.0160378268841069,0.0191064363601273,0.0114252629547428,0.0012158641320081,0.0,0.0,0.0,51815.0,1.0,CROPLAND_PRESENT,True,SUCCESS,,ESA WorldCover 2021,0.553,POTENTIAL_AGRICULTURAL_BURNING,Satellite fire detected with n confidence; maximum FRP 0.7; cropland is present in 39.1% of the sampled area; moderate PM2.5 elevation at a monitoring station; monitoring station 27.3 km from fire event; PM2.5 response observed 6.3 hours after fire detection,MODERATE
FPE-0032,SATF-0651,OUTSIDE_INDIA,31.051,74.481,2026-09-15 07:58:00+00:00,2026-09-15 07:58:00+00:00,1,N21,4.5,n,6969,"Huda Sector, Fatehabad - HSPCB",29.504,75.468,2026-09-17 00:30:00+00:00,196.428,40.533,584.0,37.1,46.1,11.565,1.0,2.1,91,0.0,1.0,25.983,0.72,True,0.439,0.156,0.659,0.577,SATELLITE_FIRE_ASSOCIATION,MODERATE,strong PM2.5 elevation; fire event is within regional analysis radius; observed timing is compatible with simple wind-based travel screening,Continue monitoring and seek additional evidence before source attribution.,,,,,,,,,,,0.0,,,,,,,,,,,,,False,,,ESA WorldCover 2021,0.554,SATELLITE_FIRE_ASSOCIATION,Satellite fire detected with n confidence; maximum FRP 4.5; strong PM2.5 elevation at a monitoring station; monitoring station 196.4 km from fire event; PM2.5 response observed 40.5 hours after fire detection; timing passes simple wind-based transport screening,MODERATE
FPE-0033,SATF-0710,INDIA,21.984,83.233,2026-09-15 19:38:00+00:00,2026-09-15 20:21:00+00:00,2,"N20,N21",2.64,n,3409396,"Nawapara SECL Colony, Chhal - CECB",22.118,83.141,2026-09-16 05:30:00+00:00,17.695,9.867,55.3,25.9,37.0,1.927,0.642,0.9,251,0.0,0.25,5.461,0.597,True,0.853,0.452,0.503,0.569,POTENTIAL_LOCAL_BURNING,MODERATE,moderate PM2.5 elevation; fire event is close to station; observed timing is compatible with simple wind-based travel screening,Verify local burning activity and inspect nearby air-quality conditions.,21.984,83.233,2026-09-15 19:38:00+00:00,2.0,2.64,0.503,N21E081,50.0,Built-up,0.2751372392454336,0.235,0.2300828425990617,0.0,0.1336859966064477,0.2751372392454336,0.0828625611338457,0.04335762052101,0.0,0.0,0.0,50095.0,1.0,MIXED_OR_OTHER,False,SUCCESS,,ESA WorldCover 2021,0.497,POTENTIAL_LOCAL_BURNING,Satellite fire detected with n confidence; maximum FRP 2.6; moderate PM2.5 elevation at a monitoring station; monitoring station 17.7 km from fire event; PM2.5 response observed 9.9 hours after fire detection; timing passes simple wind-based transport screening,MODERATE
FPE-0034,SATF-1150,INDIA,23.697,87.096,2026-09-17 07:16:00+00:00,2026-09-17 07:16:00+00:00,1,N21,3.79,n,5602,"Asansol Court Area, Asansol - WBPCB",23.685,86.946,2026-09-17 09:30:00+00:00,15.332,2.233,38.9,27.2,38.8,0.698,0.233,0.99,30,0.571,0.25,4.302,0.519,True,0.872,0.876,0.601,0.561,POTENTIAL_LOCAL_BURNING,MODERATE,fire event is close to station; wind direction supports transport; observed timing is compatible with simple wind-based travel screening,Verify local burning activity and inspect nearby air-quality conditions.,23.697,87.096,2026-09-17 07:16:00+00:00,1.0,3.79,0.601,N21E087,40.0,Cropland,0.2759623948540327,0.276,0.2439782285997031,0.0,0.1548540326571004,0.1758535378525482,0.1366254329539832,0.0127263730826323,0.0,0.0,0.0,50525.0,1.0,MIXED_OR_OTHER,False,SUCCESS,,ESA WorldCover 2021,0.365,POTENTIAL_LOCAL_BURNING,Satellite fire detected with n confidence; maximum FRP 3.8; measurable PM2.5 elevation at a monitoring station; monitoring station 15.3 km from fire event; PM2.5 response observed 2.2 hours after fire detection; wind direction supports transport; timing passes simple wind-based transport screening,MODERATE
FPE-0035,SATF-0691,INDIA,21.922,83.348,2026-09-15 19:38:00+00:00,2026-09-15 20:21:00+00:00,7,"N20,N21",4.78,n,3409396,"Nawapara SECL Colony, Chhal - CECB",22.118,83.141,2026-09-16 05:30:00+00:00,30.539,9.867,55.3,25.9,37.0,1.927,0.642,0.9,251,0.0,0.25,9.426,0.977,True,0.746,0.452,0.675,0.559,POTENTIAL_LOCAL_BURNING,MODERATE,moderate PM2.5 elevation; fire event is close to station; observed timing is compatible with simple wind-based travel screening,Verify local burning activity and inspect nearby air-quality conditions.,21.922,83.348,2026-09-15 19:38:00+00:00,7.0,4.78,0.675,N21E081,50.0,Built-up,0.4850583890607845,0.071,0.2516019562830622,0.0,0.0385068370096816,0.4850583890607845,0.1239445054396646,0.0302824633196925,0.0,0.0,0.0,50095.0,1.0,MIXED_OR_OTHER,False,SUCCESS,,ESA WorldCover 2021,0.446,POTENTIAL_LOCAL_BURNING,Satellite fire detected with n confidence; maximum FRP 4.8; moderate PM2.5 elevation at a monitoring station; monitoring station 30.5 km from fire event; PM2.5 response observed 9.9 hours after fire detection; timing passes simple wind-based transport screening,MODERATE
FPE-0036,SATF-0708,INDIA,22.036,83.357,2026-09-15 19:38:00+00:00,2026-09-15 20:21:00+00:00,5,"N20,N21",2.86,n,3409396,"Nawapara SECL Colony, Chhal - CECB",22.118,83.141,2026-09-16 05:30:00+00:00,24.095,9.867,55.3,25.9,37.0,1.927,0.642,0.9,251,0.0,0.25,7.437,0.837,True,0.799,0.452,0.527,0.558,POTENTIAL_LOCAL_BURNING,MODERATE,moderate PM2.5 elevation; fire event is close to station; observed timing is compatible with simple wind-based travel screening,Verify local burning activity and inspect nearby air-quality conditions.,22.036,83.357,2026-09-15 19:38:00+00:00,5.0,2.86,0.527,N21E081,10.0,Tree Cover,0.7635891805569418,0.023,0.7635891805569418,0.0,0.0158299231460225,0.006487673420501,0.1782014173071164,0.0125361812556143,0.0,0.0,0.0,50095.0,1.0,NATURAL_VEGETATION_DOMINANT,False,SUCCESS,,ESA WorldCover 2021,0.431,POTENTIAL_LOCAL_BURNING,Satellite fire detected with n confidence; maximum FRP 2.9; moderate PM2.5 elevation at a monitoring station; monitoring station 24.1 km from fire event; PM2.5 response observed 9.9 hours after fire detection; timing passes simple wind-based transport screening,MODERATE
FPE-0037,SATF-0607,OUTSIDE_INDIA,10.869,79.847,2026-09-15 07:52:00+00:00,2026-09-15 07:52:00+00:00,1,N21,5.97,n,5649,"Tirumala, Tirupati - APPCB",13.67,79.35,2026-09-16 11:30:00+00:00,316.103,27.633,60.5,17.5,27.225,3.484,1.0,2.35,268,0.0,1.0,37.364,0.74,True,0.097,0.424,0.734,0.546,SATELLITE_FIRE_ASSOCIATION,LIMITED,strong PM2.5 elevation; fire event is within regional analysis radius; observed timing is compatible with simple wind-based travel screening,Continue monitoring and seek additional evidence before source attribution.,,,,,,,,,,,0.0,,,,,,,,,,,,,False,,,ESA WorldCover 2021,0.546,SATELLITE_FIRE_ASSOCIATION,Satellite fire detected with n confidence; maximum FRP 6.0; strong PM2.5 elevation at a monitoring station; monitoring station 316.1 km from fire event; PM2.5 response observed 27.6 hours after fire detection; timing passes simple wind-based transport screening,MODERATE
FPE-0038,SATF-0379,INDIA,20.964,86.008,2026-09-14 08:11:00+00:00,2026-09-14 08:11:00+00:00,1,N21,8.81,n,3409506,"CDA Area, Cuttack - OSPCB",20.489,85.848,2026-09-14 10:30:00+00:00,55.396,2.317,35.5,18.0,26.0,1.426,0.475,4.56,99,0.149,1.0,3.375,0.687,True,0.538,0.871,0.818,0.545,POTENTIAL_DOMESTIC_TRANSPORT,LIMITED,moderate PM2.5 elevation; fire event is within domestic analysis radius; observed timing is compatible with simple wind-based travel screening,Monitor downwind stations and investigate regional burning conditions.,20.964,86.008,2026-09-14 08:11:00+00:00,1.0,8.81,0.818,N18E084,50.0,Built-up,0.4070069465418303,0.038,0.2164099466425048,0.0,0.0430282895399174,0.4070069465418303,0.2896204570623175,0.006060606060606,0.0,0.0,0.0,49665.0,1.0,MIXED_OR_OTHER,False,SUCCESS,,ESA WorldCover 2021,0.374,POTENTIAL_DOMESTIC_TRANSPORT,Satellite fire detected with n confidence; maximum FRP 8.8; moderate PM2.5 elevation at a monitoring station; monitoring station 55.4 km from fire event; PM2.5 response observed 2.3 hours after fire detection; timing passes simple wind-based transport screening,MODERATE
FPE-0039,SATF-0104,INDIA,30.961,76.239,2026-09-13 07:50:00+00:00,2026-09-13 07:50:00+00:00,1,N20,4.73,n,5542,"Civil Line, Jalandhar - PPCB",31.322,75.579,2026-09-13 15:30:00+00:00,74.545,7.667,57.7,36.5,47.3,0.92,0.307,1.82,111,0.979,1.0,11.377,0.674,True,0.379,0.574,0.672,0.54,POTENTIAL_DOMESTIC_TRANSPORT,LIMITED,fire event is within domestic analysis radius; wind direction strongly supports transport; observed timing is compatible with simple wind-based travel screening,"Verify agricultural burning activity, monitor downwind stations, and assess whether additional satellite observations support the event.",30.961,76.239,2026-09-13 07:50:00+00:00,1.0,4.73,0.672,N30E075,40.0,Cropland,0.9391086815528584,0.939,0.0235708329472806,0.0005188548133049,0.0012230149170758,0.0355230241823404,5.559158713981284e-05,0.0,0.0,0.0,0.0,53965.0,1.0,CROPLAND_DOMINANT,True,SUCCESS,,ESA WorldCover 2021,0.584,POTENTIAL_AGRICULTURAL_BURNING,Satellite fire detected with n confidence; maximum FRP 4.7; surrounding land cover is 93.9% cropland; measurable PM2.5 elevation at a monitoring station; monitoring station 74.5 km from fire event; PM2.5 response observed 7.7 hours after fire detection; wind direction strongly supports transport; timing passes simple wind-based transport screening,MODERATE
FPE-0040,SATF-1019,INDIA,21.186,81.386,2026-09-16 20:04:00+00:00,2026-09-16 20:59:00+00:00,4,"N20,N21",2.3,n,3409361,"AIIMS, Raipur - CECB",21.259,81.579,2026-09-17 06:30:00+00:00,21.58,10.433,24.1,16.0,21.75,0.778,0.259,2.16,283,0.818,1.0,2.775,0.0,True,0.82,0.42,0.461,0.537,POTENTIAL_LOCAL_BURNING,LIMITED,fire event is close to station; wind direction strongly supports transport; observed timing is compatible with simple wind-based travel screening,Verify local burning activity and inspect nearby air-quality conditions.,21.186,81.386,2026-09-16 20:04:00+00:00,4.0,2.3,0.461,N21E081,50.0,Built-up,0.8205577368368066,0.003,0.1542736333434007,0.0,0.0008053961542333,0.8205577368368066,0.0198530152018524,0.0014698479814758,0.0,0.0,0.0,49665.0,1.0,BUILT_UP_DOMINANT,False,SUCCESS,,ESA WorldCover 2021,0.286,POTENTIAL_LOCAL_BURNING,Satellite fire detected with n confidence; maximum FRP 2.3; measurable PM2.5 elevation at a monitoring station; monitoring station 21.6 km from fire event; PM2.5 response observed 10.4 hours after fire detection; wind direction strongly supports transport; timing passes simple wind-based transport screening,MODERATE
FPE-0041,SATF-0402,INDIA,31.43,75.182,2026-09-14 08:16:00+00:00,2026-09-14 08:16:00+00:00,1,N21,5.69,n,5542,"Civil Line, Jalandhar - PPCB",31.322,75.579,2026-09-14 14:30:00+00:00,39.552,6.233,73.2,36.5,47.3,1.592,0.531,0.61,99,0.0,0.25,18.011,0.0,False,0.67,0.654,0.718,0.536,POTENTIAL_LOCAL_BURNING,LIMITED,moderate PM2.5 elevation; fire event is close to station,"Verify agricultural burning activity, monitor downwind stations, and assess whether additional satellite observations support the event.",31.43,75.182,2026-09-14 08:16:00+00:00,1.0,5.69,0.718,N30E075,40.0,Cropland,0.9471091092931336,0.947,0.0311977203787112,0.0050188436437172,0.0059380457762662,0.0107362809081717,0.0,0.0,0.0,0.0,0.0,54395.0,1.0,CROPLAND_DOMINANT,True,SUCCESS,,ESA WorldCover 2021,0.664,POTENTIAL_AGRICULTURAL_BURNING,Satellite fire detected with n confidence; maximum FRP 5.7; surrounding land cover is 94.7% cropland; moderate PM2.5 elevation at a monitoring station; monitoring station 39.6 km from fire event; PM2.5 response observed 6.2 hours after fire detection,MODERATE
FPE-0042,SATF-0959,INDIA,31.358,75.919,2026-09-16 08:35:00+00:00,2026-09-16 08:35:00+00:00,1,N20,5.66,n,5542,"Civil Line, Jalandhar - PPCB",31.322,75.579,2026-09-16 10:30:00+00:00,32.547,1.917,55.6,36.5,47.3,0.829,0.276,2.66,319,0.0,1.0,3.399,0.564,True,0.729,0.894,0.717,0.535,POTENTIAL_LOCAL_BURNING,LIMITED,fire event is close to station; observed timing is compatible with simple wind-based travel screening,Verify local burning activity and inspect nearby air-quality conditions.,31.358,75.919,2026-09-16 08:35:00+00:00,1.0,5.66,0.717,N30E075,40.0,Cropland,0.8493795385605295,0.849,0.0905230260134203,0.0015074914973802,0.0081992830223366,0.0492876183472745,0.0011030425590587,0.0,0.0,0.0,0.0,54395.0,1.0,CROPLAND_DOMINANT,True,SUCCESS,,ESA WorldCover 2021,0.545,POTENTIAL_LOCAL_BURNING,Satellite fire detected with n confidence; maximum FRP 5.7; surrounding land cover is 84.9% cropland; measurable PM2.5 elevation at a monitoring station; monitoring station 32.5 km from fire event; PM2.5 response observed 1.9 hours after fire detection; timing passes simple wind-based transport screening,MODERATE
FPE-0043,SATF-0655,INDIA,31.57,75.112,2026-09-15 07:58:00+00:00,2026-09-15 07:58:00+00:00,1,N21,3.87,n,5542,"Civil Line, Jalandhar - PPCB",31.322,75.579,2026-09-16 00:30:00+00:00,52.182,16.533,60.5,36.5,47.3,1.041,0.347,0.74,340,0.786,0.25,19.588,0.844,True,0.565,0.081,0.611,0.531,POTENTIAL_DOMESTIC_TRANSPORT,LIMITED,fire event is within domestic analysis radius; wind direction strongly supports transport; observed timing is compatible with simple wind-based travel screening,"Verify agricultural burning activity, monitor downwind stations, and assess whether additional satellite observations support the event.",31.57,75.112,2026-09-15 07:58:00+00:00,1.0,3.87,0.611,N30E075,40.0,Cropland,0.8664950822685908,0.866,0.0495082268590863,0.0015810276679841,0.0031804393786193,0.0790881514845114,0.0001470723412078,0.0,0.0,0.0,0.0,54395.0,1.0,CROPLAND_DOMINANT,True,SUCCESS,,ESA WorldCover 2021,0.574,POTENTIAL_AGRICULTURAL_BURNING,Satellite fire detected with n confidence; maximum FRP 3.9; surrounding land cover is 86.6% cropland; measurable PM2.5 elevation at a monitoring station; monitoring station 52.2 km from fire event; PM2.5 response observed 16.5 hours after fire detection; wind direction strongly supports transport; timing passes simple wind-based transport screening,MODERATE
FPE-0044,SATF-0518,INDIA,13.711,79.618,2026-09-14 20:00:00+00:00,2026-09-14 20:00:00+00:00,1,N20,1.61,n,5649,"Tirumala, Tirupati - APPCB",13.67,79.35,2026-09-15 13:30:00+00:00,29.31,17.5,33.5,17.5,27.225,1.296,0.432,1.23,69,0.978,1.0,6.619,0.178,True,0.756,0.028,0.366,0.529,POTENTIAL_LOCAL_BURNING,LIMITED,moderate PM2.5 elevation; fire event is close to station; wind direction strongly supports transport; observed timing is compatible with simple wind-based travel screening,"Verify agricultural burning activity, monitor downwind stations, and assess whether additional satellite observations support the event.",13.711,79.618,2026-09-14 20:00:00+00:00,1.0,1.61,0.366,N12E078,40.0,Cropland,0.5437440808165842,0.544,0.1655477217720719,0.0930232558139534,0.0340524045038408,0.1037146164369146,0.0599179206566347,0.0,0.0,0.0,0.0,47515.0,1.0,CROPLAND_DOMINANT,True,SUCCESS,,ESA WorldCover 2021,0.507,POTENTIAL_AGRICULTURAL_BURNING,Satellite fire detected with n confidence; maximum FRP 1.6; surrounding land cover is 54.4% cropland; moderate PM2.5 elevation at a monitoring station; monitoring station 29.3 km from fire event; PM2.5 response observed 17.5 hours after fire detection; wind direction strongly supports transport; timing passes simple wind-based transport screening,MODERATE
FPE-0045,SATF-0817,INDIA,13.393,80.1,2026-09-15 20:25:00+00:00,2026-09-15 20:25:00+00:00,1,N21,2.02,n,5649,"Tirumala, Tirupati - APPCB",13.67,79.35,2026-09-16 11:30:00+00:00,86.734,15.083,60.5,17.5,27.225,3.484,1.0,2.35,268,0.0,1.0,10.252,0.764,True,0.277,0.162,0.421,0.528,POTENTIAL_DOMESTIC_TRANSPORT,LIMITED,strong PM2.5 elevation; fire event is within domestic analysis radius; observed timing is compatible with simple wind-based travel screening,Monitor downwind stations and investigate regional burning conditions.,13.393,80.1,2026-09-15 20:25:00+00:00,1.0,2.02,0.421,N12E078,10.0,Tree Cover,0.305461433231611,0.285,0.305461433231611,0.0769020309375986,0.247627065137325,0.0606545301483742,0.01107018836157,0.0122066715773966,0.0006945175207829,0.0,0.0,47515.0,1.0,NATURAL_VEGETATION_DOMINANT,False,SUCCESS,,ESA WorldCover 2021,0.628,POTENTIAL_DOMESTIC_TRANSPORT,Satellite fire detected with n confidence; maximum FRP 2.0; strong PM2.5 elevation at a monitoring station; monitoring station 86.7 km from fire event; PM2.5 response observed 15.1 hours after fire detection; timing passes simple wind-based transport screening,MODERATE
FPE-0046,SATF-0887,INDIA,19.602,74.814,2026-09-16 07:33:00+00:00,2026-09-16 07:33:00+00:00,1,N21,4.56,n,3409461,"Rachnakar Colony, Aurangabad - MPCB",19.864,75.321,2026-09-16 15:30:00+00:00,60.541,7.95,53.5,26.6,34.9,1.914,0.638,1.6,358,0.0,1.0,10.511,0.756,True,0.495,0.558,0.662,0.526,POTENTIAL_DOMESTIC_TRANSPORT,LIMITED,moderate PM2.5 elevation; fire event is within domestic analysis radius; observed timing is compatible with simple wind-based travel screening,"Verify agricultural burning activity, monitor downwind stations, and assess whether additional satellite observations support the event.",19.602,74.814,2026-09-16 07:33:00+00:00,1.0,4.56,0.662,N18E072,40.0,Cropland,0.7704072306286178,0.77,0.1215192444399309,0.0184624758809789,0.0627602315426018,0.0257337260079211,0.0007718086726921,0.000345282827257,0.0,0.0,0.0,49235.0,1.0,CROPLAND_DOMINANT,True,SUCCESS,,ESA WorldCover 2021,0.646,POTENTIAL_AGRICULTURAL_BURNING,Satellite fire detected with n confidence; maximum FRP 4.6; surrounding land cover is 77.0% cropland; moderate PM2.5 elevation at a monitoring station; monitoring station 60.5 km from fire event; PM2.5 response observed 8.0 hours after fire detection; timing passes simple wind-based transport screening,MODERATE
FPE-0047,SATF-1061,INDIA,21.371,81.447,2026-09-16 20:04:00+00:00,2026-09-16 20:04:00+00:00,1,N21,0.78,n,3409361,"AIIMS, Raipur - CECB",21.259,81.579,2026-09-17 06:30:00+00:00,18.507,10.433,24.1,16.0,21.75,0.778,0.259,2.16,283,0.872,1.0,2.38,0.0,True,0.846,0.42,0.227,0.525,POTENTIAL_LOCAL_BURNING,LIMITED,fire event is close to station; wind direction strongly supports transport; observed timing is compatible with simple wind-based travel screening,Verify local burning activity and inspect nearby air-quality conditions.,21.371,81.447,2026-09-16 20:04:00+00:00,1.0,0.78,0.227,N21E081,40.0,Cropland,0.6190073492399074,0.619,0.1356085774690426,0.0003221584616933,0.0998087184133695,0.1189167421725561,0.0249068760696667,0.0014295781737642,0.0,0.0,0.0,49665.0,1.0,CROPLAND_DOMINANT,True,SUCCESS,,ESA WorldCover 2021,0.468,POTENTIAL_LOCAL_BURNING,Satellite fire detected with n confidence; maximum FRP 0.8; surrounding land cover is 61.9% cropland; measurable PM2.5 elevation at a monitoring station; monitoring station 18.5 km from fire event; PM2.5 response observed 10.4 hours after fire detection; wind direction strongly supports transport; timing passes simple wind-based transport screening,MODERATE
FPE-0048,SATF-0014,OUTSIDE_INDIA,24.323,94.826,2026-09-13 06:52:00+00:00,2026-09-13 06:52:00+00:00,1,N21,4.48,n,363601,"Girls College, Sivasagar - PCBA",26.988,94.637,2026-09-14 16:30:00+00:00,296.902,33.633,39.2,12.2,16.2,4.697,1.0,1.45,44,0.0,1.0,56.878,0.591,True,0.152,0.299,0.658,0.515,SATELLITE_FIRE_ASSOCIATION,LIMITED,strong PM2.5 elevation; fire event is within regional analysis radius; observed timing is compatible with simple wind-based travel screening,Continue monitoring and seek additional evidence before source attribution.,,,,,,,,,,,0.0,,,,,,,,,,,,,False,,,ESA WorldCover 2021,0.539,SATELLITE_FIRE_ASSOCIATION,Satellite fire detected with n confidence; maximum FRP 4.5; strong PM2.5 elevation at a monitoring station; monitoring station 296.9 km from fire event; PM2.5 response observed 33.6 hours after fire detection; timing passes simple wind-based transport screening,MODERATE
FPE-0049,SATF-0205,INDIA,30.954,75.872,2026-09-13 20:14:00+00:00,2026-09-13 20:14:00+00:00,1,N20,1.38,n,5542,"Civil Line, Jalandhar - PPCB",31.322,75.579,2026-09-14 04:30:00+00:00,49.514,8.267,60.6,36.5,47.3,1.045,0.348,1.76,110,0.811,1.0,7.815,0.971,True,0.587,0.541,0.335,0.515,POTENTIAL_LOCAL_BURNING,LIMITED,fire event is close to station; wind direction strongly supports transport; observed timing is compatible with simple wind-based travel screening,Verify local burning activity and inspect nearby air-quality conditions.,30.954,75.872,2026-09-13 20:14:00+00:00,1.0,1.38,0.335,N30E075,50.0,Built-up,0.3821365699990734,0.35,0.1026035393310479,0.0199203187250996,0.1260446585750023,0.3821365699990734,0.019290280737515,1.853052904660428e-05,0.0,0.0,0.0,53965.0,1.0,CROPLAND_PRESENT,True,SUCCESS,,ESA WorldCover 2021,0.416,POTENTIAL_LOCAL_BURNING,Satellite fire detected with n confidence; maximum FRP 1.4; cropland is present in 35.0% of the sampled area; measurable PM2.5 elevation at a monitoring station; monitoring station 49.5 km from fire event; PM2.5 response observed 8.3 hours after fire detection; wind direction strongly supports transport; timing passes simple wind-based transport screening,MODERATE
FPE-0050,SATF-0182,INDIA,22.323,82.578,2026-09-13 19:19:00+00:00,2026-09-13 20:17:00+00:00,5,"N20,N21",2.97,n,3409396,"Nawapara SECL Colony, Chhal - CECB",22.118,83.141,2026-09-14 07:30:00+00:00,62.233,12.183,48.8,25.9,37.0,1.501,0.5,1.54,216,0.253,1.0,11.225,0.957,True,0.481,0.323,0.539,0.514,POTENTIAL_DOMESTIC_TRANSPORT,LIMITED,moderate PM2.5 elevation; fire event is within domestic analysis radius; observed timing is compatible with simple wind-based travel screening,Monitor downwind stations and investigate regional burning conditions.,22.323,82.578,2026-09-13 19:19:00+00:00,5.0,2.97,0.539,N21E081,60.0,Bare/Sparse Vegetation,0.6852979339255415,0.025,0.0104202016169278,0.0,0.1440063878630602,0.0250723625112286,0.6852979339255415,0.110589879229464,0.0,0.0,0.0,50095.0,1.0,MIXED_OR_OTHER,False,SUCCESS,,ESA WorldCover 2021,0.371,POTENTIAL_DOMESTIC_TRANSPORT,Satellite fire detected with n confidence; maximum FRP 3.0; moderate PM2.5 elevation at a monitoring station; monitoring station 62.2 km from fire event; PM2.5 response observed 12.2 hours after fire detection; timing passes simple wind-based transport screening,MODERATE
FPE-0051,SATF-1054,INDIA,22.095,83.117,2026-09-16 20:04:00+00:00,2026-09-16 20:59:00+00:00,3,"N20,N21",0.99,n,3409396,"Nawapara SECL Colony, Chhal - CECB",22.118,83.141,2026-09-16 21:30:00+00:00,3.539,1.433,38.2,25.9,37.0,0.806,0.269,0.66,351,0.0,0.25,1.49,0.962,True,0.971,0.92,0.261,0.513,POTENTIAL_LOCAL_BURNING,LIMITED,fire event is close to station; observed timing is compatible with simple wind-based travel screening,Verify local burning activity and inspect nearby air-quality conditions.,22.095,83.117,2026-09-16 20:04:00+00:00,3.0,0.99,0.261,N21E081,10.0,Tree Cover,0.3719333266793093,0.075,0.3719333266793093,7.984828825232058e-05,0.1818744385667232,0.001756662341551,0.3185347839105699,0.0503842698872142,0.0,0.0,0.0,50095.0,1.0,NATURAL_VEGETATION_DOMINANT,False,SUCCESS,,ESA WorldCover 2021,0.305,POTENTIAL_LOCAL_BURNING,Satellite fire detected with n confidence; maximum FRP 1.0; measurable PM2.5 elevation at a monitoring station; monitoring station 3.5 km from fire event; PM2.5 response observed 1.4 hours after fire detection; timing passes simple wind-based transport screening,MODERATE
FPE-0052,SATF-0611,INDIA,17.864,83.368,2026-09-15 07:52:00+00:00,2026-09-15 07:52:00+00:00,2,N21,4.32,n,5628,"GVM Corporation, Visakhapatnam - APPCB",17.723,83.308,2026-09-15 13:30:00+00:00,16.942,5.633,37.0,26.5,37.0,0.683,0.228,1.91,225,0.0,1.0,2.464,0.357,True,0.859,0.687,0.646,0.512,POTENTIAL_LOCAL_BURNING,LIMITED,fire event is close to station; observed timing is compatible with simple wind-based travel screening,Verify local burning activity and inspect nearby air-quality conditions.,17.864,83.368,2026-09-15 07:52:00+00:00,2.0,4.32,0.646,N15E081,10.0,Tree Cover,0.6114127650855445,0.149,0.6114127650855445,0.0,0.1228152853191271,0.107939760270464,0.0026636615100911,0.0032373732199569,0.0025202335826247,0.0,0.0,48805.0,1.0,NATURAL_VEGETATION_DOMINANT,False,SUCCESS,,ESA WorldCover 2021,0.313,POTENTIAL_LOCAL_BURNING,Satellite fire detected with n confidence; maximum FRP 4.3; measurable PM2.5 elevation at a monitoring station; monitoring station 16.9 km from fire event; PM2.5 response observed 5.6 hours after fire detection; timing passes simple wind-based transport screening,MODERATE
FPE-0053,SATF-0490,INDIA,21.922,83.348,2026-09-14 19:57:00+00:00,2026-09-14 20:42:00+00:00,8,"N20,N21",5.93,n,3409396,"Nawapara SECL Colony, Chhal - CECB",22.118,83.141,2026-09-14 20:30:00+00:00,30.539,0.55,38.0,25.9,37.0,0.793,0.264,0.98,285,0.0,0.25,8.656,0.0,False,0.746,0.969,0.732,0.51,POTENTIAL_LOCAL_BURNING,LIMITED,fire event is close to station,Verify local burning activity and inspect nearby air-quality conditions.,21.922,83.348,2026-09-14 19:57:00+00:00,8.0,5.93,0.732,N21E081,50.0,Built-up,0.4850583890607845,0.071,0.2516019562830622,0.0,0.0385068370096816,0.4850583890607845,0.1239445054396646,0.0302824633196925,0.0,0.0,0.0,50095.0,1.0,MIXED_OR_OTHER,False,SUCCESS,,ESA WorldCover 2021,0.301,POTENTIAL_LOCAL_BURNING,Satellite fire detected with n confidence; maximum FRP 5.9; measurable PM2.5 elevation at a monitoring station; monitoring station 30.5 km from fire event; PM2.5 response observed 0.6 hours after fire detection,MODERATE
FPE-0054,SATF-1147,INDIA,17.919,83.456,2026-09-17 07:16:00+00:00,2026-09-17 07:16:00+00:00,1,N21,4.8,n,5628,"GVM Corporation, Visakhapatnam - APPCB",17.723,83.308,2026-09-17 12:30:00+00:00,26.858,5.233,38.5,26.5,37.0,0.78,0.26,1.05,245,0.0,1.0,7.105,0.737,True,0.776,0.709,0.676,0.509,POTENTIAL_LOCAL_BURNING,LIMITED,fire event is close to station; observed timing is compatible with simple wind-based travel screening,Verify local burning activity and inspect nearby air-quality conditions.,17.919,83.456,2026-09-17 07:16:00+00:00,1.0,4.8,0.676,N15E081,30.0,Grassland,0.5257453129802274,0.071,0.1375883618481713,0.0,0.5257453129802274,0.0482532527404979,0.0566745210531707,0.1609876037291261,0.0,0.0,0.0,48805.0,1.0,NATURAL_VEGETATION_DOMINANT,False,SUCCESS,,ESA WorldCover 2021,0.299,POTENTIAL_LOCAL_BURNING,Satellite fire detected with n confidence; maximum FRP 4.8; measurable PM2.5 elevation at a monitoring station; monitoring station 26.9 km from fire event; PM2.5 response observed 5.2 hours after fire detection; timing passes simple wind-based transport screening,MODERATE
FPE-0055,SATF-0499,INDIA,21.984,83.233,2026-09-14 19:57:00+00:00,2026-09-14 20:42:00+00:00,3,"N20,N21",2.18,n,3409396,"Nawapara SECL Colony, Chhal - CECB",22.118,83.141,2026-09-14 20:30:00+00:00,17.695,0.55,38.0,25.9,37.0,0.793,0.264,0.98,285,0.0,0.25,5.015,0.0,False,0.853,0.969,0.446,0.508,POTENTIAL_LOCAL_BURNING,LIMITED,fire event is close to station,Verify local burning activity and inspect nearby air-quality conditions.,21.984,83.233,2026-09-14 19:57:00+00:00,3.0,2.18,0.446,N21E081,50.0,Built-up,0.2751372392454336,0.235,0.2300828425990617,0.0,0.1336859966064477,0.2751372392454336,0.0828625611338457,0.04335762052101,0.0,0.0,0.0,50095.0,1.0,MIXED_OR_OTHER,False,SUCCESS,,ESA WorldCover 2021,0.35,POTENTIAL_LOCAL_BURNING,Satellite fire detected with n confidence; maximum FRP 2.2; measurable PM2.5 elevation at a monitoring station; monitoring station 17.7 km from fire event; PM2.5 response observed 0.6 hours after fire detection,MODERATE
FPE-0056,SATF-0092,OUTSIDE_INDIA,31.658,74.429,2026-09-13 07:50:00+00:00,2026-09-13 07:50:00+00:00,2,N20,20.37,n,5542,"Civil Line, Jalandhar - PPCB",31.322,75.579,2026-09-14 14:30:00+00:00,115.26,30.667,73.2,36.5,47.3,1.592,0.531,0.61,99,0.0,0.25,52.487,0.584,True,0.671,0.361,0.874,0.504,SATELLITE_FIRE_ASSOCIATION,LIMITED,moderate PM2.5 elevation; fire event is within domestic analysis radius; observed timing is compatible with simple wind-based travel screening,Continue monitoring and seek additional evidence before source attribution.,,,,,,,,,,,0.0,,,,,,,,,,,,,False,,,ESA WorldCover 2021,0.372,SATELLITE_FIRE_ASSOCIATION,Satellite fire detected with n confidence; maximum FRP 20.4; moderate PM2.5 elevation at a monitoring station; monitoring station 115.3 km from fire event; PM2.5 response observed 30.7 hours after fire detection; timing passes simple wind-based transport screening,MODERATE
FPE-0058,SATF-0306,INDIA,20.783,85.277,2026-09-14 07:29:00+00:00,2026-09-14 07:29:00+00:00,2,N20,6.72,n,3409506,"CDA Area, Cuttack - OSPCB",20.489,85.848,2026-09-14 10:30:00+00:00,67.794,3.017,35.5,18.0,26.0,1.426,0.475,4.56,99,0.0,1.0,4.13,0.73,True,0.435,0.832,0.765,0.499,POTENTIAL_DOMESTIC_TRANSPORT,LIMITED,moderate PM2.5 elevation; fire event is within domestic analysis radius; observed timing is compatible with simple wind-based travel screening,Monitor downwind stations and investigate regional burning conditions.,20.783,85.277,2026-09-14 07:29:00+00:00,2.0,6.72,0.765,N18E084,10.0,Tree Cover,0.3668579482532971,0.339,0.3668579482532971,0.0,0.1674217255612604,0.0931843350448001,0.0096446189469445,0.0234974327997583,0.0,0.0,0.0,49665.0,1.0,CROPLAND_PRESENT,True,SUCCESS,,ESA WorldCover 2021,0.453,POTENTIAL_DOMESTIC_TRANSPORT,Satellite fire detected with n confidence; maximum FRP 6.7; cropland is present in 33.9% of the sampled area; moderate PM2.5 elevation at a monitoring station; monitoring station 67.8 km from fire event; PM2.5 response observed 3.0 hours after fire detection; timing passes simple wind-based transport screening,LOW
FPE-0057,SATF-0787,INDIA,21.874,83.498,2026-09-15 20:21:00+00:00,2026-09-15 20:21:00+00:00,1,N21,1.39,n,3409396,"Nawapara SECL Colony, Chhal - CECB",22.118,83.141,2026-09-16 05:30:00+00:00,45.767,9.15,55.3,25.9,37.0,1.927,0.642,0.9,251,0.0,0.25,14.126,0.648,True,0.619,0.492,0.337,0.499,POTENTIAL_LOCAL_BURNING,LIMITED,moderate PM2.5 elevation; fire event is close to station; observed timing is compatible with simple wind-based travel screening,Verify local burning activity and inspect nearby air-quality conditions.,21.874,83.498,2026-09-15 20:21:00+00:00,1.0,1.39,0.337,N21E081,10.0,Tree Cover,0.4809062780716638,0.289,0.4809062780716638,0.0,0.066254117177363,0.0672921449246431,0.0774528396047509,0.0187443856672322,0.0,0.0,0.0,50095.0,1.0,NATURAL_VEGETATION_DOMINANT,False,SUCCESS,,ESA WorldCover 2021,0.496,POTENTIAL_LOCAL_BURNING,Satellite fire detected with n confidence; maximum FRP 1.4; moderate PM2.5 elevation at a monitoring station; monitoring station 45.8 km from fire event; PM2.5 response observed 9.2 hours after fire detection; timing passes simple wind-based transport screening,LOW
FPE-0059,SATF-0366,INDIA,12.267,76.796,2026-09-14 08:09:00+00:00,2026-09-14 08:09:00+00:00,1,N21,3.22,n,11582,"Stuart Hill, Madikeri - KSPCB",12.416,75.735,2026-09-14 19:30:00+00:00,116.43,11.35,27.0,9.0,13.5,3.204,1.0,1.84,311,0.0,1.0,17.577,0.646,True,0.03,0.369,0.559,0.496,POTENTIAL_DOMESTIC_TRANSPORT,LIMITED,strong PM2.5 elevation; fire event is within domestic analysis radius; observed timing is compatible with simple wind-based travel screening,Monitor downwind stations and investigate regional burning conditions.,12.267,76.796,2026-09-14 08:09:00+00:00,1.0,3.22,0.559,N12E075,10.0,Tree Cover,0.3410712406608439,0.286,0.3410712406608439,0.0047353467326107,0.3407555508786699,0.0255919183415763,0.0022729664316531,0.0,0.0,0.0,0.0,47515.0,1.0,NATURAL_VEGETATION_DOMINANT,False,SUCCESS,,ESA WorldCover 2021,0.62,POTENTIAL_DOMESTIC_TRANSPORT,Satellite fire detected with n confidence; maximum FRP 3.2; strong PM2.5 elevation at a monitoring station; monitoring station 116.4 km from fire event; PM2.5 response observed 11.3 hours after fire detection; timing passes simple wind-based transport screening,LOW
FPE-0060,SATF-0502,INDIA,22.036,83.357,2026-09-14 19:57:00+00:00,2026-09-14 20:42:00+00:00,4,"N20,N21",2.08,n,3409396,"Nawapara SECL Colony, Chhal - CECB",22.118,83.141,2026-09-14 20:30:00+00:00,24.095,0.55,38.0,25.9,37.0,0.793,0.264,0.98,285,0.0,0.25,6.83,0.0,False,0.799,0.969,0.43,0.493,POTENTIAL_LOCAL_BURNING,LIMITED,fire event is close to station,Verify local burning activity and inspect nearby air-quality conditions.,22.036,83.357,2026-09-14 19:57:00+00:00,4.0,2.08,0.43,N21E081,10.0,Tree Cover,0.7635891805569418,0.023,0.7635891805569418,0.0,0.0158299231460225,0.006487673420501,0.1782014173071164,0.0125361812556143,0.0,0.0,0.0,50095.0,1.0,NATURAL_VEGETATION_DOMINANT,False,SUCCESS,,ESA WorldCover 2021,0.283,POTENTIAL_LOCAL_BURNING,Satellite fire detected with n confidence; maximum FRP 2.1; measurable PM2.5 elevation at a monitoring station; monitoring station 24.1 km from fire event; PM2.5 response observed 0.6 hours after fire detection,LOW
FPE-0061,SATF-0900,INDIA,23.693,87.098,2026-09-16 07:35:00+00:00,2026-09-16 07:35:00+00:00,2,N21,9.23,n,5602,"Asansol Court Area, Asansol - WBPCB",23.685,86.946,2026-09-16 14:30:00+00:00,15.504,6.917,39.2,27.2,38.8,0.716,0.239,0.66,351,0.0,0.25,6.525,0.97,True,0.871,0.616,0.828,0.489,POTENTIAL_LOCAL_BURNING,LIMITED,fire event is close to station; observed timing is compatible with simple wind-based travel screening,Verify local burning activity and inspect nearby air-quality conditions.,23.693,87.098,2026-09-16 07:35:00+00:00,2.0,9.23,0.828,N21E087,10.0,Tree Cover,0.2926867887184562,0.218,0.2926867887184562,0.0,0.0924492825333993,0.2159920831271647,0.1636615536862939,0.0175952498762988,0.0,0.0,0.0,50525.0,1.0,MIXED_OR_OTHER,False,SUCCESS,,ESA WorldCover 2021,0.331,POTENTIAL_LOCAL_BURNING,Satellite fire detected with n confidence; maximum FRP 9.2; measurable PM2.5 elevation at a monitoring station; monitoring station 15.5 km from fire event; PM2.5 response observed 6.9 hours after fire detection; timing passes simple wind-based transport screening,LOW
FPE-0062,SATF-0999,INDIA,21.985,83.231,2026-09-16 19:19:00+00:00,2026-09-16 20:04:00+00:00,3,"N20,N21",1.47,n,3409396,"Nawapara SECL Colony, Chhal - CECB",22.118,83.141,2026-09-16 21:30:00+00:00,17.49,2.183,38.2,25.9,37.0,0.806,0.269,0.66,351,0.0,0.25,7.361,0.0,False,0.854,0.879,0.347,0.487,POTENTIAL_LOCAL_BURNING,LIMITED,fire event is close to station,Verify local burning activity and inspect nearby air-quality conditions.,21.985,83.231,2026-09-16 19:19:00+00:00,3.0,1.47,0.347,N21E081,10.0,Tree Cover,0.2502245733107096,0.245,0.2502245733107096,0.0,0.1496756163289749,0.2359516917856073,0.075476594470506,0.04335762052101,0.0,0.0,0.0,50095.0,1.0,MIXED_OR_OTHER,False,SUCCESS,,ESA WorldCover 2021,0.349,POTENTIAL_LOCAL_BURNING,Satellite fire detected with n confidence; maximum FRP 1.5; measurable PM2.5 elevation at a monitoring station; monitoring station 17.5 km from fire event; PM2.5 response observed 2.2 hours after fire detection,LOW
FPE-0063,SATF-0760,OUTSIDE_INDIA,32.08,74.193,2026-09-15 20:19:00+00:00,2026-09-15 20:19:00+00:00,1,N21,0.59,n,6969,"Huda Sector, Fatehabad - HSPCB",29.504,75.468,2026-09-17 00:30:00+00:00,311.278,28.183,584.0,37.1,46.1,11.565,1.0,2.1,91,0.0,1.0,41.174,0.684,True,0.111,0.413,0.199,0.486,SATELLITE_FIRE_ASSOCIATION,LIMITED,strong PM2.5 elevation; fire event is within regional analysis radius; observed timing is compatible with simple wind-based travel screening,Continue monitoring and seek additional evidence before source attribution.,,,,,,,,,,,0.0,,,,,,,,,,,,,False,,,ESA WorldCover 2021,0.532,SATELLITE_FIRE_ASSOCIATION,Satellite fire detected with n confidence; maximum FRP 0.6; strong PM2.5 elevation at a monitoring station; monitoring station 311.3 km from fire event; PM2.5 response observed 28.2 hours after fire detection; timing passes simple wind-based transport screening,LOW
FPE-0064,SATF-0992,INDIA,22.037,83.355,2026-09-16 19:19:00+00:00,2026-09-16 20:59:00+00:00,4,"N20,N21",2.26,n,3409396,"Nawapara SECL Colony, Chhal - CECB",22.118,83.141,2026-09-16 21:30:00+00:00,23.862,2.183,38.2,25.9,37.0,0.806,0.269,0.66,351,0.0,0.25,10.043,0.0,False,0.801,0.879,0.454,0.484,POTENTIAL_LOCAL_BURNING,LIMITED,fire event is close to station,Verify local burning activity and inspect nearby air-quality conditions.,22.037,83.355,2026-09-16 19:19:00+00:00,4.0,2.26,0.454,N21E081,10.0,Tree Cover,0.7938716438766344,0.022,0.7938716438766344,0.0,0.0136740193632099,0.0055095318894101,0.1539674618225371,0.0105998602654955,0.0,0.0,0.0,50095.0,1.0,NATURAL_VEGETATION_DOMINANT,False,SUCCESS,,ESA WorldCover 2021,0.282,POTENTIAL_LOCAL_BURNING,Satellite fire detected with n confidence; maximum FRP 2.3; measurable PM2.5 elevation at a monitoring station; monitoring station 23.9 km from fire event; PM2.5 response observed 2.2 hours after fire detection,LOW
FPE-0065,SATF-1059,INDIA,21.189,81.197,2026-09-16 20:04:00+00:00,2026-09-16 20:04:00+00:00,1,N21,0.8,n,3409361,"AIIMS, Raipur - CECB",21.259,81.579,2026-09-17 06:30:00+00:00,40.347,10.433,24.1,16.0,21.75,0.778,0.259,2.16,283,0.912,1.0,5.189,0.495,True,0.664,0.42,0.231,0.484,POTENTIAL_LOCAL_BURNING,LIMITED,fire event is close to station; wind direction strongly supports transport; observed timing is compatible with simple wind-based travel screening,Verify local burning activity and inspect nearby air-quality conditions.,21.189,81.197,2026-09-16 20:04:00+00:00,1.0,0.8,0.231,N21E081,40.0,Cropland,0.4169535890466123,0.417,0.2771368166717003,0.0001006745192791,0.1278163696768348,0.1287023054464915,0.0371690325178697,0.0121212121212121,0.0,0.0,0.0,49665.0,1.0,CROPLAND_PRESENT,True,SUCCESS,,ESA WorldCover 2021,0.397,POTENTIAL_LOCAL_BURNING,Satellite fire detected with n confidence; maximum FRP 0.8; cropland is present in 41.7% of the sampled area; measurable PM2.5 elevation at a monitoring station; monitoring station 40.3 km from fire event; PM2.5 response observed 10.4 hours after fire detection; wind direction strongly supports transport; timing passes simple wind-based transport screening,LOW
FPE-0066,SATF-0780,INDIA,21.879,83.556,2026-09-15 20:21:00+00:00,2026-09-15 20:21:00+00:00,1,N21,1.64,n,3409396,"Nawapara SECL Colony, Chhal - CECB",22.118,83.141,2026-09-16 05:30:00+00:00,50.41,9.15,55.3,25.9,37.0,1.927,0.642,0.9,251,0.0,0.25,15.558,0.588,True,0.58,0.492,0.373,0.483,POTENTIAL_DOMESTIC_TRANSPORT,LIMITED,moderate PM2.5 elevation; fire event is within domestic analysis radius; observed timing is compatible with simple wind-based travel screening,Monitor downwind stations and investigate regional burning conditions.,21.879,83.556,2026-09-15 20:21:00+00:00,1.0,1.64,0.373,N21E081,10.0,Tree Cover,0.6620421199720531,0.096,0.6620421199720531,0.0,0.0505439664637189,0.146222177862062,0.0438167481784609,0.0016967761253618,0.0,0.0,0.0,50095.0,1.0,NATURAL_VEGETATION_DOMINANT,False,SUCCESS,,ESA WorldCover 2021,0.434,POTENTIAL_DOMESTIC_TRANSPORT,Satellite fire detected with n confidence; maximum FRP 1.6; moderate PM2.5 elevation at a monitoring station; monitoring station 50.4 km from fire event; PM2.5 response observed 9.2 hours after fire detection; timing passes simple wind-based transport screening,LOW
FPE-0067,SATF-0985,INDIA,21.923,83.346,2026-09-16 19:19:00+00:00,2026-09-16 20:59:00+00:00,10,"N20,N21",3.11,n,3409396,"Nawapara SECL Colony, Chhal - CECB",22.118,83.141,2026-09-16 21:30:00+00:00,30.316,2.183,38.2,25.9,37.0,0.806,0.269,0.66,351,0.0,0.25,12.759,0.0,False,0.747,0.879,0.549,0.48,POTENTIAL_LOCAL_BURNING,LIMITED,fire event is close to station,Verify local burning activity and inspect nearby air-quality conditions.,21.923,83.346,2026-09-16 19:19:00+00:00,10.0,3.11,0.549,N21E081,50.0,Built-up,0.4803673021259607,0.077,0.2443557241241641,0.0,0.0395049406128356,0.4803673021259607,0.1195129254416608,0.0387863060185647,0.0,0.0,0.0,50095.0,1.0,MIXED_OR_OTHER,False,SUCCESS,,ESA WorldCover 2021,0.297,POTENTIAL_LOCAL_BURNING,Satellite fire detected with n confidence; maximum FRP 3.1; measurable PM2.5 elevation at a monitoring station; monitoring station 30.3 km from fire event; PM2.5 response observed 2.2 hours after fire detection,LOW
FPE-0068,SATF-0965,INDIA,30.581,76.671,2026-09-16 08:35:00+00:00,2026-09-16 08:35:00+00:00,1,N20,3.69,n,6964,"Patti Mehar, Ambala - HSPCB",30.38,76.778,2026-09-16 20:30:00+00:00,24.645,11.917,66.1,39.1,54.65,1.027,0.342,1.88,65,0.005,1.0,3.641,0.0,True,0.795,0.338,0.592,0.479,POTENTIAL_LOCAL_BURNING,LIMITED,fire event is close to station; observed timing is compatible with simple wind-based travel screening,"Verify agricultural burning activity, monitor downwind stations, and assess whether additional satellite observations support the event.",30.581,76.671,2026-09-16 08:35:00+00:00,1.0,3.69,0.592,N30E075,40.0,Cropland,0.9204484388029278,0.92,0.026220698600945,0.0004447326971185,0.0014639117946817,0.0510330769943481,0.000370610580932,1.853052904660428e-05,0.0,0.0,0.0,53965.0,1.0,CROPLAND_DOMINANT,True,SUCCESS,,ESA WorldCover 2021,0.576,POTENTIAL_AGRICULTURAL_BURNING,Satellite fire detected with n confidence; maximum FRP 3.7; surrounding land cover is 92.0% cropland; measurable PM2.5 elevation at a monitoring station; monitoring station 24.6 km from fire event; PM2.5 response observed 11.9 hours after fire detection; timing passes simple wind-based transport screening,LOW
FPE-0069,SATF-1047,INDIA,21.31,81.59,2026-09-16 20:04:00+00:00,2026-09-16 20:59:00+00:00,3,"N20,N21",1.16,n,3409361,"AIIMS, Raipur - CECB",21.259,81.579,2026-09-17 06:30:00+00:00,5.805,10.433,24.1,16.0,21.75,0.778,0.259,2.16,283,0.029,1.0,0.747,0.0,True,0.952,0.42,0.297,0.474,POTENTIAL_LOCAL_BURNING,LIMITED,fire event is close to station; observed timing is compatible with simple wind-based travel screening,Verify local burning activity and inspect nearby air-quality conditions.,21.31,81.59,2026-09-16 20:04:00+00:00,3.0,1.16,0.297,N21E081,40.0,Cropland,0.503271921876573,0.503,0.1400583912211819,0.0,0.1168428470754052,0.1096144165911607,0.1149703010168126,0.0152421222188664,0.0,0.0,0.0,49665.0,1.0,CROPLAND_DOMINANT,True,SUCCESS,,ESA WorldCover 2021,0.42,POTENTIAL_LOCAL_BURNING,Satellite fire detected with n confidence; maximum FRP 1.2; surrounding land cover is 50.3% cropland; measurable PM2.5 elevation at a monitoring station; monitoring station 5.8 km from fire event; PM2.5 response observed 10.4 hours after fire detection; timing passes simple wind-based transport screening,LOW
FPE-0070,SATF-1152,INDIA,18.005,83.521,2026-09-17 07:16:00+00:00,2026-09-17 07:16:00+00:00,1,N21,3.35,n,5628,"GVM Corporation, Visakhapatnam - APPCB",17.723,83.308,2026-09-17 12:30:00+00:00,38.636,5.233,38.5,26.5,37.0,0.78,0.26,1.05,245,0.0,1.0,10.221,0.512,True,0.678,0.709,0.572,0.474,POTENTIAL_LOCAL_BURNING,LIMITED,fire event is close to station; observed timing is compatible with simple wind-based travel screening,Verify local burning activity and inspect nearby air-quality conditions.,18.005,83.521,2026-09-17 07:16:00+00:00,1.0,3.35,0.572,N18E081,10.0,Tree Cover,0.5070299928776808,0.192,0.5070299928776808,0.0,0.2726001741011369,0.021577989395658,0.0019256640903215,0.0039304650610672,0.0008177477643831,0.0,0.0,37909.0,0.777,NATURAL_VEGETATION_DOMINANT,False,SUCCESS,,ESA WorldCover 2021,0.327,POTENTIAL_LOCAL_BURNING,Satellite fire detected with n confidence; maximum FRP 3.4; measurable PM2.5 elevation at a monitoring station; monitoring station 38.6 km from fire event; PM2.5 response observed 5.2 hours after fire detection; timing passes simple wind-based transport screening,LOW
FPE-0072,SATF-0657,INDIA,31.648,74.988,2026-09-15 07:58:00+00:00,2026-09-15 07:58:00+00:00,1,N21,2.82,n,5542,"Civil Line, Jalandhar - PPCB",31.322,75.579,2026-09-16 00:30:00+00:00,66.742,16.533,60.5,36.5,47.3,1.041,0.347,0.74,340,0.796,0.25,25.053,0.66,True,0.444,0.081,0.524,0.472,POTENTIAL_DOMESTIC_TRANSPORT,LIMITED,fire event is within domestic analysis radius; wind direction strongly supports transport; observed timing is compatible with simple wind-based travel screening,"Verify agricultural burning activity, monitor downwind stations, and assess whether additional satellite observations support the event.",31.648,74.988,2026-09-15 07:58:00+00:00,1.0,2.82,0.524,N30E072,40.0,Cropland,0.8981524037135766,0.898,0.0443239268315102,5.515212795293685e-05,0.0026656861843919,0.0541593896497839,0.0006434414927842,0.0,0.0,0.0,0.0,54395.0,1.0,CROPLAND_DOMINANT,True,SUCCESS,,ESA WorldCover 2021,0.569,POTENTIAL_AGRICULTURAL_BURNING,Satellite fire detected with n confidence; maximum FRP 2.8; surrounding land cover is 89.8% cropland; measurable PM2.5 elevation at a monitoring station; monitoring station 66.7 km from fire event; PM2.5 response observed 16.5 hours after fire detection; wind direction strongly supports transport; timing passes simple wind-based transport screening,LOW
FPE-0071,SATF-0700,INDIA,22.034,83.737,2026-09-15 19:38:00+00:00,2026-09-15 20:21:00+00:00,12,"N20,N21",3.81,n,3409396,"Nawapara SECL Colony, Chhal - CECB",22.118,83.141,2026-09-16 05:30:00+00:00,62.162,9.867,55.3,25.9,37.0,1.927,0.642,0.9,251,0.0,0.25,19.186,0.514,True,0.482,0.452,0.604,0.472,POTENTIAL_DOMESTIC_TRANSPORT,LIMITED,moderate PM2.5 elevation; fire event is within domestic analysis radius; observed timing is compatible with simple wind-based travel screening,Monitor downwind stations and investigate regional burning conditions.,22.034,83.737,2026-09-15 19:38:00+00:00,12.0,3.81,0.604,N21E081,10.0,Tree Cover,0.389799381175766,0.054,0.389799381175766,0.0036131350434175,0.1964866753168979,0.0099610739594769,0.2780117776225172,0.0676315001497155,0.0,0.0,0.0,50095.0,1.0,NATURAL_VEGETATION_DOMINANT,False,SUCCESS,,ESA WorldCover 2021,0.419,POTENTIAL_DOMESTIC_TRANSPORT,Satellite fire detected with n confidence; maximum FRP 3.8; moderate PM2.5 elevation at a monitoring station; monitoring station 62.2 km from fire event; PM2.5 response observed 9.9 hours after fire detection; timing passes simple wind-based transport screening,LOW
FPE-0075,SATF-0487,OUTSIDE_INDIA,25.811,88.883,2026-09-14 19:55:00+00:00,2026-09-14 19:55:00+00:00,1,N20,0.24,n,3409376,"Central Academy for SFS, Byrnihat - PCBA",26.071,91.875,2026-09-16 05:30:00+00:00,300.553,33.583,77.3,52.8,71.0,0.998,0.333,2.43,284,0.939,1.0,34.357,0.977,True,0.141,0.3,0.181,0.464,POTENTIAL_REGIONAL_TRANSPORT,LIMITED,fire event is within regional analysis radius; wind direction strongly supports transport; observed timing is compatible with simple wind-based travel screening,Monitor downwind stations and coordinate regional verification across affected areas.,,,,,,,,,,,0.0,,,,,,,,,,,,,False,,,ESA WorldCover 2021,0.293,POTENTIAL_REGIONAL_TRANSPORT,Satellite fire detected with n confidence; maximum FRP 0.2; measurable PM2.5 elevation at a monitoring station; monitoring station 300.6 km from fire event; PM2.5 response observed 33.6 hours after fire detection; wind direction strongly supports transport; timing passes simple wind-based transport screening,LOW
FPE-0073,SATF-0904,INDIA,21.92,83.352,2026-09-16 07:35:00+00:00,2026-09-16 08:33:00+00:00,3,"N20,N21",7.73,n,3409396,"Nawapara SECL Colony, Chhal - CECB",22.118,83.141,2026-09-16 17:30:00+00:00,30.987,9.917,41.5,25.9,37.0,1.023,0.341,0.95,357,0.0,0.25,9.061,0.953,True,0.742,0.449,0.796,0.464,POTENTIAL_LOCAL_BURNING,LIMITED,fire event is close to station; observed timing is compatible with simple wind-based travel screening,Verify local burning activity and inspect nearby air-quality conditions.,21.92,83.352,2026-09-16 07:35:00+00:00,3.0,7.73,0.796,N21E081,50.0,Built-up,0.42864557341052,0.097,0.2640582892504242,0.0,0.032897494759956,0.42864557341052,0.1525900788501846,0.0243138037728316,0.0,0.0,0.0,50095.0,1.0,MIXED_OR_OTHER,False,SUCCESS,,ESA WorldCover 2021,0.325,POTENTIAL_LOCAL_BURNING,Satellite fire detected with n confidence; maximum FRP 7.7; measurable PM2.5 elevation at a monitoring station; monitoring station 31.0 km from fire event; PM2.5 response observed 9.9 hours after fire detection; timing passes simple wind-based transport screening,LOW
FPE-0074,SATF-0911,INDIA,22.038,83.351,2026-09-16 07:35:00+00:00,2026-09-16 07:35:00+00:00,1,N21,4.16,n,3409396,"Nawapara SECL Colony, Chhal - CECB",22.118,83.141,2026-09-16 17:30:00+00:00,23.438,9.917,41.5,25.9,37.0,1.023,0.341,0.95,357,0.0,0.25,6.853,0.777,True,0.805,0.449,0.636,0.464,POTENTIAL_LOCAL_BURNING,LIMITED,fire event is close to station; observed timing is compatible with simple wind-based travel screening,Verify local burning activity and inspect nearby air-quality conditions.,22.038,83.351,2026-09-16 07:35:00+00:00,1.0,4.16,0.636,N21E081,10.0,Tree Cover,0.8554147120471105,0.022,0.8554147120471105,0.0,0.0130951192733805,0.000998103603154,0.1005289949096716,0.0080247529693582,0.0,0.0,0.0,50095.0,1.0,NATURAL_VEGETATION_DOMINANT,False,SUCCESS,,ESA WorldCover 2021,0.302,POTENTIAL_LOCAL_BURNING,Satellite fire detected with n confidence; maximum FRP 4.2; measurable PM2.5 elevation at a monitoring station; monitoring station 23.4 km from fire event; PM2.5 response observed 9.9 hours after fire detection; timing passes simple wind-based transport screening,LOW
FPE-0077,SATF-0522,INDIA,13.394,80.101,2026-09-14 20:00:00+00:00,2026-09-14 20:00:00+00:00,1,N20,0.99,n,5649,"Tirumala, Tirupati - APPCB",13.67,79.35,2026-09-15 13:30:00+00:00,86.796,17.5,33.5,17.5,27.225,1.296,0.432,1.23,69,0.746,1.0,19.602,0.893,True,0.277,0.028,0.261,0.46,POTENTIAL_DOMESTIC_TRANSPORT,LIMITED,moderate PM2.5 elevation; fire event is within domestic analysis radius; wind direction strongly supports transport; observed timing is compatible with simple wind-based travel screening,Monitor downwind stations and investigate regional burning conditions.,13.394,80.101,2026-09-14 20:00:00+00:00,1.0,0.99,0.261,N12E078,10.0,Tree Cover,0.313564137640745,0.252,0.313564137640745,0.0761864674313374,0.26094917394507,0.0713879827422919,0.0128801431127012,0.0123329474902662,0.0007366094917394,0.0,0.0,47515.0,1.0,NATURAL_VEGETATION_DOMINANT,False,SUCCESS,,ESA WorldCover 2021,0.402,POTENTIAL_DOMESTIC_TRANSPORT,Satellite fire detected with n confidence; maximum FRP 1.0; moderate PM2.5 elevation at a monitoring station; monitoring station 86.8 km from fire event; PM2.5 response observed 17.5 hours after fire detection; wind direction strongly supports transport; timing passes simple wind-based transport screening,LOW
FPE-0076,SATF-0993,INDIA,21.37,81.667,2026-09-16 19:19:00+00:00,2026-09-16 20:59:00+00:00,14,"N20,N21",2.2,n,3409361,"AIIMS, Raipur - CECB",21.259,81.579,2026-09-17 06:30:00+00:00,15.362,11.183,24.1,16.0,21.75,0.778,0.259,2.16,283,0.0,1.0,1.976,0.0,True,0.872,0.379,0.449,0.46,POTENTIAL_LOCAL_BURNING,LIMITED,fire event is close to station; observed timing is compatible with simple wind-based travel screening,Verify local burning activity and inspect nearby air-quality conditions.,21.37,81.667,2026-09-16 19:19:00+00:00,14.0,2.2,0.449,N21E081,10.0,Tree Cover,0.3422530957414678,0.195,0.3422530957414678,0.0,0.0463102788684184,0.284224302828954,0.0878485855230041,0.0442363837712674,0.0,0.0,0.0,49665.0,1.0,MIXED_OR_OTHER,False,SUCCESS,,ESA WorldCover 2021,0.324,POTENTIAL_LOCAL_BURNING,Satellite fire detected with n confidence; maximum FRP 2.2; measurable PM2.5 elevation at a monitoring station; monitoring station 15.4 km from fire event; PM2.5 response observed 11.2 hours after fire detection; timing passes simple wind-based transport screening,LOW
FPE-0079,SATF-0151,INDIA,31.71,75.162,2026-09-13 08:35:00+00:00,2026-09-13 08:35:00+00:00,2,N21,11.18,n,5542,"Civil Line, Jalandhar - PPCB",31.322,75.579,2026-09-13 15:30:00+00:00,58.516,6.917,57.7,36.5,47.3,0.92,0.307,1.82,111,0.0,1.0,8.931,0.774,True,0.512,0.616,0.848,0.457,POTENTIAL_DOMESTIC_TRANSPORT,LIMITED,fire event is within domestic analysis radius; observed timing is compatible with simple wind-based travel screening,"Verify agricultural burning activity, monitor downwind stations, and assess whether additional satellite observations support the event.",31.71,75.162,2026-09-13 08:35:00+00:00,2.0,11.18,0.848,N30E075,40.0,Cropland,0.9872230903575696,0.987,0.0064527989704936,0.0001654563838588,0.000827281919294,0.0053313723687838,0.0,0.0,0.0,0.0,0.0,54395.0,1.0,CROPLAND_DOMINANT,True,SUCCESS,,ESA WorldCover 2021,0.578,POTENTIAL_AGRICULTURAL_BURNING,Satellite fire detected with n confidence; maximum FRP 11.2; surrounding land cover is 98.7% cropland; measurable PM2.5 elevation at a monitoring station; monitoring station 58.5 km from fire event; PM2.5 response observed 6.9 hours after fire detection; timing passes simple wind-based transport screening,LOW
FPE-0078,SATF-0476,INDIA,28.895,78.855,2026-09-14 19:55:00+00:00,2026-09-14 20:40:00+00:00,2,"N20,N21",0.83,n,270777,"Jigar Colony, Moradabad - UPPCB",28.857,78.773,2026-09-15 09:30:00+00:00,9.082,13.583,34.6,25.9,35.3,0.617,0.206,1.11,126,0.439,1.0,2.273,0.0,True,0.924,0.245,0.236,0.457,POTENTIAL_LOCAL_BURNING,LIMITED,fire event is close to station; observed timing is compatible with simple wind-based travel screening,Verify local burning activity and inspect nearby air-quality conditions.,28.895,78.855,2026-09-14 19:55:00+00:00,2.0,0.83,0.236,N27E078,40.0,Cropland,0.6077958760945297,0.608,0.3911307786460785,0.0001129837115149,0.0004519348460596,0.0005084267018171,0.0,0.0,0.0,0.0,0.0,53105.0,1.0,CROPLAND_DOMINANT,True,SUCCESS,,ESA WorldCover 2021,0.429,POTENTIAL_LOCAL_BURNING,Satellite fire detected with n confidence; maximum FRP 0.8; surrounding land cover is 60.8% cropland; measurable PM2.5 elevation at a monitoring station; monitoring station 9.1 km from fire event; PM2.5 response observed 13.6 hours after fire detection; timing passes simple wind-based transport screening,LOW
FPE-0081,SATF-0650,INDIA,31.456,74.874,2026-09-15 07:58:00+00:00,2026-09-15 07:58:00+00:00,1,N21,7.84,n,5542,"Civil Line, Jalandhar - PPCB",31.322,75.579,2026-09-16 00:30:00+00:00,68.553,16.533,60.5,36.5,47.3,1.041,0.347,0.74,340,0.536,0.25,25.733,0.642,True,0.429,0.081,0.798,0.455,POTENTIAL_DOMESTIC_TRANSPORT,LIMITED,fire event is within domestic analysis radius; wind direction supports transport; observed timing is compatible with simple wind-based travel screening,"Verify agricultural burning activity, monitor downwind stations, and assess whether additional satellite observations support the event.",31.456,74.874,2026-09-15 07:58:00+00:00,1.0,7.84,0.798,N30E072,40.0,Cropland,0.9548487912491956,0.955,0.0119863958084382,0.0001286882985568,0.0058277415203603,0.027061310782241,0.0001470723412078,0.0,0.0,0.0,0.0,54395.0,1.0,CROPLAND_DOMINANT,True,SUCCESS,,ESA WorldCover 2021,0.582,POTENTIAL_AGRICULTURAL_BURNING,Satellite fire detected with n confidence; maximum FRP 7.8; surrounding land cover is 95.5% cropland; measurable PM2.5 elevation at a monitoring station; monitoring station 68.6 km from fire event; PM2.5 response observed 16.5 hours after fire detection; wind direction supports transport; timing passes simple wind-based transport screening,LOW
FPE-0080,SATF-0943,INDIA,13.119,76.051,2026-09-16 08:30:00+00:00,2026-09-16 08:30:00+00:00,2,N20,5.6,n,11582,"Stuart Hill, Madikeri - KSPCB",12.416,75.735,2026-09-16 19:30:00+00:00,85.359,11.0,16.0,9.0,13.5,1.246,0.415,2.43,302,0.144,1.0,9.757,0.936,True,0.289,0.389,0.715,0.455,POTENTIAL_DOMESTIC_TRANSPORT,LIMITED,moderate PM2.5 elevation; fire event is within domestic analysis radius; observed timing is compatible with simple wind-based travel screening,Monitor downwind stations and investigate regional burning conditions.,13.119,76.051,2026-09-16 08:30:00+00:00,2.0,5.6,0.715,N12E075,10.0,Tree Cover,0.5444175523518888,0.297,0.5444175523518888,0.0658318425760286,0.0896979901083868,0.0024413343154793,0.0004209197095654,0.0,0.0,0.0,0.0,47515.0,1.0,NATURAL_VEGETATION_DOMINANT,False,SUCCESS,,ESA WorldCover 2021,0.408,POTENTIAL_DOMESTIC_TRANSPORT,Satellite fire detected with n confidence; maximum FRP 5.6; moderate PM2.5 elevation at a monitoring station; monitoring station 85.4 km from fire event; PM2.5 response observed 11.0 hours after fire detection; timing passes simple wind-based transport screening,LOW
FPE-0082,SATF-0224,INDIA,22.017,83.754,2026-09-13 20:17:00+00:00,2026-09-13 20:17:00+00:00,1,N20,1.08,n,3409396,"Nawapara SECL Colony, Chhal - CECB",22.118,83.141,2026-09-14 07:30:00+00:00,64.202,11.217,48.8,25.9,37.0,1.501,0.5,1.54,216,0.0,1.0,11.58,0.969,True,0.465,0.377,0.283,0.454,POTENTIAL_DOMESTIC_TRANSPORT,LIMITED,moderate PM2.5 elevation; fire event is within domestic analysis radius; observed timing is compatible with simple wind-based travel screening,Monitor downwind stations and investigate regional burning conditions.,22.017,83.754,2026-09-13 20:17:00+00:00,1.0,1.08,0.283,N21E081,60.0,Bare/Sparse Vegetation,0.2853578201417307,0.219,0.2456732208803273,1.9962072063080143e-05,0.216947799181555,0.0205808962970356,0.2853578201417307,0.012216788102605,0.0,0.0,0.0,50095.0,1.0,MIXED_OR_OTHER,False,SUCCESS,,ESA WorldCover 2021,0.414,POTENTIAL_DOMESTIC_TRANSPORT,Satellite fire detected with n confidence; maximum FRP 1.1; moderate PM2.5 elevation at a monitoring station; monitoring station 64.2 km from fire event; PM2.5 response observed 11.2 hours after fire detection; timing passes simple wind-based transport screening,LOW
FPE-0083,SATF-0745,INDIA,25.541,91.236,2026-09-15 19:38:00+00:00,2026-09-15 19:38:00+00:00,1,N20,0.6,n,3409376,"Central Academy for SFS, Byrnihat - PCBA",26.071,91.875,2026-09-16 05:30:00+00:00,86.992,9.867,77.3,52.8,71.0,0.998,0.333,2.43,284,0.547,1.0,9.944,0.992,True,0.275,0.452,0.201,0.451,POTENTIAL_DOMESTIC_TRANSPORT,LIMITED,fire event is within domestic analysis radius; wind direction supports transport; observed timing is compatible with simple wind-based travel screening,Monitor downwind stations and investigate regional burning conditions.,25.541,91.236,2026-09-15 19:38:00+00:00,1.0,0.6,0.201,N24E090,30.0,Grassland,0.6391943174078039,0.08,0.244429308163861,0.0,0.6391943174078039,0.0187019558236839,0.017359151503357,0.0002335311861438,0.0,0.0,0.0,51385.0,1.0,NATURAL_VEGETATION_DOMINANT,False,SUCCESS,,ESA WorldCover 2021,0.313,POTENTIAL_DOMESTIC_TRANSPORT,Satellite fire detected with n confidence; maximum FRP 0.6; measurable PM2.5 elevation at a monitoring station; monitoring station 87.0 km from fire event; PM2.5 response observed 9.9 hours after fire detection; wind direction supports transport; timing passes simple wind-based transport screening,LOW
