station_id,pollutant,station,locality,latitude,longitude,sensor_id,units,datetime_first,datetime_last,latest_datetime,latest_value,coverage_percent
5542,co,"Civil Line, Jalandhar - PPCB",,31.321907,75.578914,12235146,ppb,2025-02-18 20:15:00+00:00,2026-09-17 14:30:00+00:00,2026-09-17T14:30:00Z,1.24,1094700.0
5542,no2,"Civil Line, Jalandhar - PPCB",,31.321907,75.578914,12235148,ppb,2025-02-18 20:15:00+00:00,2026-09-17 13:00:00+00:00,2026-09-17T13:00:00Z,36.83,1093150.0
5542,o3,"Civil Line, Jalandhar - PPCB",,31.321907,75.578914,12235149,µg/m³,2025-02-18 20:15:00+00:00,2026-09-17 14:30:00+00:00,2026-09-17T14:30:00Z,23.07,1094975.0
5542,pm10,"Civil Line, Jalandhar - PPCB",,31.321907,75.578914,12235150,µg/m³,2025-02-18 20:15:00+00:00,2026-09-17 14:30:00+00:00,2026-09-17T14:30:00Z,63.91,1097350.0
5542,pm25,"Civil Line, Jalandhar - PPCB",,31.321907,75.578914,12235151,µg/m³,2025-02-18 20:15:00+00:00,2026-09-17 14:30:00+00:00,2026-09-17T14:30:00Z,43.39,1089675.0
5542,so2,"Civil Line, Jalandhar - PPCB",,31.321907,75.578914,12235153,ppb,2025-02-18 20:15:00+00:00,2026-09-17 14:30:00+00:00,2026-09-17T14:30:00Z,10.48,1095350.0
5585,co,"Ashok Nagar, Udaipur - RSPCB",,24.5886166,73.6321397,12234880,ppb,2025-02-18 20:15:00+00:00,2026-09-17 14:30:00+00:00,2026-09-17T14:30:00Z,1.26,1051900.0
5585,no2,"Ashok Nagar, Udaipur - RSPCB",,24.5886166,73.6321397,12234882,ppb,2025-02-18 20:15:00+00:00,2026-09-17 14:30:00+00:00,2026-09-17T14:30:00Z,12.22,1046775.0
5585,o3,"Ashok Nagar, Udaipur - RSPCB",,24.5886166,73.6321397,12234883,µg/m³,2025-02-18 20:15:00+00:00,2026-09-17 14:30:00+00:00,2026-09-17T14:30:00Z,17.98,1051375.0
5585,pm10,"Ashok Nagar, Udaipur - RSPCB",,24.5886166,73.6321397,12234884,µg/m³,2025-02-18 20:15:00+00:00,2026-09-17 14:30:00+00:00,2026-09-17T14:30:00Z,125.3,1051100.0
5585,pm25,"Ashok Nagar, Udaipur - RSPCB",,24.5886166,73.6321397,12234885,µg/m³,2025-02-18 20:15:00+00:00,2026-09-17 14:30:00+00:00,2026-09-17T14:30:00Z,52.3,1051150.0
5585,so2,"Ashok Nagar, Udaipur - RSPCB",,24.5886166,73.6321397,12234887,ppb,2025-02-18 20:15:00+00:00,2026-09-17 14:30:00+00:00,2026-09-17T14:30:00Z,8.36,1049750.0
5590,co,"Ardhali Bazar, Varanasi - UPPCB",,25.3505986,82.9083074,12235482,ppb,2025-02-18 20:15:00+00:00,2026-09-17 14:30:00+00:00,2026-09-17T14:30:00Z,0.29,1039725.0
5590,no2,"Ardhali Bazar, Varanasi - UPPCB",,25.3505986,82.9083074,12235484,ppb,2025-02-18 20:15:00+00:00,2026-09-17 14:30:00+00:00,2026-09-17T14:30:00Z,16.4,1056250.0
5590,o3,"Ardhali Bazar, Varanasi - UPPCB",,25.3505986,82.9083074,12235485,µg/m³,2025-02-18 20:15:00+00:00,2026-09-17 14:30:00+00:00,2026-09-17T14:30:00Z,12.0,838875.0
5590,pm10,"Ardhali Bazar, Varanasi - UPPCB",,25.3505986,82.9083074,12235486,µg/m³,2025-02-18 20:15:00+00:00,2026-09-17 10:45:00+00:00,2026-09-17T10:45:00Z,35.0,1029375.0
5590,pm25,"Ardhali Bazar, Varanasi - UPPCB",,25.3505986,82.9083074,12235487,µg/m³,2025-02-18 20:15:00+00:00,2026-09-17 10:45:00+00:00,2026-09-17T10:45:00Z,15.0,1030150.0
5590,so2,"Ardhali Bazar, Varanasi - UPPCB",,25.3505986,82.9083074,12235489,ppb,2025-02-18 20:15:00+00:00,2026-09-17 14:30:00+00:00,2026-09-17T14:30:00Z,4.0,978000.0
5602,co,"Asansol Court Area, Asansol - WBPCB",,23.685297,86.945968,12234979,ppb,2025-02-18 20:15:00+00:00,2026-09-17 14:30:00+00:00,2026-09-17T14:30:00Z,0.89,1098725.0
5602,no2,"Asansol Court Area, Asansol - WBPCB",,23.685297,86.945968,12234981,ppb,2025-02-18 20:15:00+00:00,2026-09-17 14:30:00+00:00,2026-09-17T14:30:00Z,42.52,1099200.0
5602,o3,"Asansol Court Area, Asansol - WBPCB",,23.685297,86.945968,12234982,µg/m³,2025-02-18 20:15:00+00:00,2026-09-17 14:30:00+00:00,2026-09-17T14:30:00Z,25.36,1098525.0
5602,pm10,"Asansol Court Area, Asansol - WBPCB",,23.685297,86.945968,12234983,µg/m³,2025-02-18 20:15:00+00:00,2026-09-17 14:30:00+00:00,2026-09-17T14:30:00Z,54.03,1097725.0
5602,pm25,"Asansol Court Area, Asansol - WBPCB",,23.685297,86.945968,12234984,µg/m³,2025-02-18 20:15:00+00:00,2026-09-17 14:30:00+00:00,2026-09-17T14:30:00Z,27.62,1097725.0
5602,so2,"Asansol Court Area, Asansol - WBPCB",,23.685297,86.945968,12234986,ppb,2025-02-18 20:15:00+00:00,2026-09-17 14:30:00+00:00,2026-09-17T14:30:00Z,13.09,1098275.0
5613,co,"ITO, New Delhi - CPCB",,28.628624,77.24106,12234748,ppb,2025-02-18 20:15:00+00:00,2026-09-17 14:30:00+00:00,2026-09-17T14:30:00Z,1.22,1118300.0
5613,no2,"ITO, New Delhi - CPCB",,28.628624,77.24106,12234750,ppb,2025-02-18 20:15:00+00:00,2026-09-17 14:30:00+00:00,2026-09-17T14:30:00Z,69.4,1118500.0
5613,o3,"ITO, New Delhi - CPCB",,28.628624,77.24106,12234751,µg/m³,2025-02-18 20:15:00+00:00,2026-09-17 14:30:00+00:00,2026-09-17T14:30:00Z,13.8,1115800.0
5613,pm10,"ITO, New Delhi - CPCB",,28.628624,77.24106,12234752,µg/m³,2025-02-18 20:15:00+00:00,2026-09-17 14:30:00+00:00,2026-09-17T14:30:00Z,99.0,1118725.0
5613,pm25,"ITO, New Delhi - CPCB",,28.628624,77.24106,12234753,µg/m³,2025-02-18 20:15:00+00:00,2026-09-17 14:30:00+00:00,2026-09-17T14:30:00Z,42.0,1118425.0
5613,so2,"ITO, New Delhi - CPCB",,28.628624,77.24106,12234754,ppb,2025-02-18 20:15:00+00:00,2026-09-17 14:30:00+00:00,2026-09-17T14:30:00Z,30.8,1106100.0
5628,co,"GVM Corporation, Visakhapatnam - APPCB",,17.722682,83.308197,12235455,ppb,2025-02-18 20:15:00+00:00,2026-09-17 14:15:00+00:00,2026-09-17T14:15:00Z,1.32,962925.0
5628,no2,"GVM Corporation, Visakhapatnam - APPCB",,17.722682,83.308197,12235457,ppb,2025-02-18 20:15:00+00:00,2026-09-17 14:30:00+00:00,2026-09-17T14:30:00Z,97.4,1065375.0
5628,o3,"GVM Corporation, Visakhapatnam - APPCB",,17.722682,83.308197,12235458,µg/m³,2025-02-18 20:15:00+00:00,2026-09-17 14:30:00+00:00,2026-09-17T14:30:00Z,8.5,1048225.0
5628,pm10,"GVM Corporation, Visakhapatnam - APPCB",,17.722682,83.308197,12235459,µg/m³,2025-02-18 20:15:00+00:00,2026-09-17 14:30:00+00:00,2026-09-17T14:30:00Z,167.0,1094525.0
5628,pm25,"GVM Corporation, Visakhapatnam - APPCB",,17.722682,83.308197,12235460,µg/m³,2025-02-18 20:15:00+00:00,2026-09-17 14:30:00+00:00,2026-09-17T14:30:00Z,56.0,1083175.0
5628,so2,"GVM Corporation, Visakhapatnam - APPCB",,17.722682,83.308197,12235462,ppb,2025-02-18 20:15:00+00:00,2026-09-17 14:30:00+00:00,2026-09-17T14:30:00Z,19.7,989825.0
5648,co,"Ward-32 Bapupara, Siliguri - WBPCB",,26.6883049,88.412668,12234988,ppb,2025-02-18 20:15:00+00:00,2026-09-17 14:30:00+00:00,2026-09-17T14:30:00Z,0.6,1099175.0
5648,no2,"Ward-32 Bapupara, Siliguri - WBPCB",,26.6883049,88.412668,12234990,ppb,2025-02-18 20:15:00+00:00,2026-09-17 14:30:00+00:00,2026-09-17T14:30:00Z,12.41,1097450.0
5648,o3,"Ward-32 Bapupara, Siliguri - WBPCB",,26.6883049,88.412668,12234991,µg/m³,2025-02-18 20:15:00+00:00,2026-09-17 14:30:00+00:00,2026-09-17T14:30:00Z,19.92,1097525.0
5648,pm10,"Ward-32 Bapupara, Siliguri - WBPCB",,26.6883049,88.412668,12234992,µg/m³,2025-02-18 20:15:00+00:00,2026-09-17 14:30:00+00:00,2026-09-17T14:30:00Z,35.5,1097725.0
5648,pm25,"Ward-32 Bapupara, Siliguri - WBPCB",,26.6883049,88.412668,12234993,µg/m³,2025-02-18 20:15:00+00:00,2026-09-17 14:30:00+00:00,2026-09-17T14:30:00Z,17.69,1096950.0
5648,so2,"Ward-32 Bapupara, Siliguri - WBPCB",,26.6883049,88.412668,12234995,ppb,2025-02-18 20:15:00+00:00,2026-09-17 14:30:00+00:00,2026-09-17T14:30:00Z,12.66,1095750.0
5649,co,"Tirumala, Tirupati - APPCB",,13.67,79.35,12235447,ppb,2025-02-18 20:15:00+00:00,2026-09-17 14:30:00+00:00,2026-09-17T14:30:00Z,0.45,1110825.0
5649,no2,"Tirumala, Tirupati - APPCB",,13.67,79.35,12235449,ppb,2025-02-18 20:15:00+00:00,2026-09-17 14:30:00+00:00,2026-09-17T14:30:00Z,55.1,1129700.0
5649,o3,"Tirumala, Tirupati - APPCB",,13.67,79.35,12235450,µg/m³,2025-02-18 20:15:00+00:00,2026-09-17 14:30:00+00:00,2026-09-17T14:30:00Z,51.0,1116300.0
5649,pm10,"Tirumala, Tirupati - APPCB",,13.67,79.35,12243924,µg/m³,2025-02-19 08:45:00+00:00,2026-09-17 14:30:00+00:00,2026-09-17T14:30:00Z,24.0,1115025.0
5649,pm25,"Tirumala, Tirupati - APPCB",,13.67,79.35,12235451,µg/m³,2025-02-18 20:15:00+00:00,2026-09-17 14:30:00+00:00,2026-09-17T14:30:00Z,15.0,1112125.0
5649,so2,"Tirumala, Tirupati - APPCB",,13.67,79.35,12235453,ppb,2025-02-18 20:15:00+00:00,2026-09-17 14:30:00+00:00,2026-09-17T14:30:00Z,5.3,1128025.0
5667,co,"Bhopal Chauraha, Dewas - MPPCB",,22.9682591,76.064118,12234934,ppb,2025-02-18 20:15:00+00:00,2026-09-17 14:30:00+00:00,2026-09-17T14:30:00Z,0.9,1085700.0
5667,no2,"Bhopal Chauraha, Dewas - MPPCB",,22.9682591,76.064118,12234936,ppb,2025-02-18 20:15:00+00:00,2026-09-17 14:30:00+00:00,2026-09-17T14:30:00Z,69.9,1081900.0
5667,o3,"Bhopal Chauraha, Dewas - MPPCB",,22.9682591,76.064118,12234937,µg/m³,2025-02-18 20:15:00+00:00,2026-09-17 14:30:00+00:00,2026-09-17T14:30:00Z,32.2,1082075.0
5667,pm10,"Bhopal Chauraha, Dewas - MPPCB",,22.9682591,76.064118,12234938,µg/m³,2025-02-18 20:15:00+00:00,2026-09-17 14:30:00+00:00,2026-09-17T14:30:00Z,64.0,1071500.0
5667,pm25,"Bhopal Chauraha, Dewas - MPPCB",,22.9682591,76.064118,12234939,µg/m³,2025-02-18 20:15:00+00:00,2026-09-17 14:30:00+00:00,2026-09-17T14:30:00Z,16.0,1067525.0
5667,so2,"Bhopal Chauraha, Dewas - MPPCB",,22.9682591,76.064118,12234941,ppb,2025-02-18 20:15:00+00:00,2026-09-17 14:30:00+00:00,2026-09-17T14:30:00Z,23.4,1079350.0
6955,co,"Lal Bahadur Shastri Nagar, Kalaburagi - KSPCB",,17.321993,76.822628,12235325,ppb,2025-02-18 20:15:00+00:00,2026-08-21 17:15:00+00:00,2026-08-21T17:15:00Z,0.42,447000.0
6955,no2,"Lal Bahadur Shastri Nagar, Kalaburagi - KSPCB",,17.321993,76.822628,12235327,ppb,2025-02-18 20:15:00+00:00,2026-09-17 06:45:00+00:00,2026-09-17T06:45:00Z,10.0,467500.0
6955,o3,"Lal Bahadur Shastri Nagar, Kalaburagi - KSPCB",,17.321993,76.822628,12235328,µg/m³,2025-02-18 20:15:00+00:00,2026-09-17 06:45:00+00:00,2026-09-17T06:45:00Z,19.78,447825.0
6955,pm10,"Lal Bahadur Shastri Nagar, Kalaburagi - KSPCB",,17.321993,76.822628,12235329,µg/m³,2025-02-18 20:15:00+00:00,2026-08-21 17:15:00+00:00,2026-08-21T17:15:00Z,61.0,443400.0
6955,pm25,"Lal Bahadur Shastri Nagar, Kalaburagi - KSPCB",,17.321993,76.822628,12460304,µg/m³,2025-03-13 04:00:00+00:00,2026-08-21 17:15:00+00:00,2026-08-21T17:15:00Z,31.0,402875.0
6955,so2,"Lal Bahadur Shastri Nagar, Kalaburagi - KSPCB",,17.321993,76.822628,12235331,ppb,2025-02-18 20:15:00+00:00,2026-09-17 06:15:00+00:00,2026-09-17T06:15:00Z,10.39,461825.0
6964,co,"Patti Mehar, Ambala - HSPCB",,30.379589,76.778328,14258992,ppb,2025-10-01 06:30:00+00:00,2026-09-17 14:30:00+00:00,2026-09-17T14:30:00Z,0.76,632025.0
6964,no2,"Patti Mehar, Ambala - HSPCB",,30.379589,76.778328,14258994,ppb,2025-10-01 06:30:00+00:00,2026-09-17 14:30:00+00:00,2026-09-17T14:30:00Z,5.07,634200.0
6964,o3,"Patti Mehar, Ambala - HSPCB",,30.379589,76.778328,14258995,µg/m³,2025-10-01 06:30:00+00:00,2026-09-17 14:30:00+00:00,2026-09-17T14:30:00Z,37.32,629825.0
6964,pm10,"Patti Mehar, Ambala - HSPCB",,30.379589,76.778328,14258996,µg/m³,2025-10-01 06:30:00+00:00,2026-09-17 14:30:00+00:00,2026-09-17T14:30:00Z,93.42,626450.0
6964,pm25,"Patti Mehar, Ambala - HSPCB",,30.379589,76.778328,14258997,µg/m³,2025-10-01 06:30:00+00:00,2026-09-17 14:30:00+00:00,2026-09-17T14:30:00Z,28.99,631750.0
6964,so2,"Patti Mehar, Ambala - HSPCB",,30.379589,76.778328,14258999,ppb,2025-10-01 06:30:00+00:00,2026-09-17 14:30:00+00:00,2026-09-17T14:30:00Z,34.56,633400.0
6969,co,"Huda Sector, Fatehabad - HSPCB",,29.503664,75.467934,14347150,ppb,2025-10-11 09:30:00+00:00,2026-09-17 14:30:00+00:00,2026-09-17T14:30:00Z,1.0,596275.0
6969,no2,"Huda Sector, Fatehabad - HSPCB",,29.503664,75.467934,14347152,ppb,2025-10-11 09:30:00+00:00,2026-09-17 14:30:00+00:00,2026-09-17T14:30:00Z,15.06,594800.0
6969,o3,"Huda Sector, Fatehabad - HSPCB",,29.503664,75.467934,14347154,µg/m³,2025-10-11 09:30:00+00:00,2026-09-17 14:30:00+00:00,2026-09-17T14:30:00Z,43.16,594325.0
6969,pm10,"Huda Sector, Fatehabad - HSPCB",,29.503664,75.467934,14347155,µg/m³,2025-10-11 09:30:00+00:00,2026-09-17 14:30:00+00:00,2026-09-17T14:30:00Z,75.08,586225.0
6969,pm25,"Huda Sector, Fatehabad - HSPCB",,29.503664,75.467934,14347156,µg/m³,2025-10-11 09:30:00+00:00,2026-09-17 14:30:00+00:00,2026-09-17T14:30:00Z,27.06,586275.0
6969,so2,"Huda Sector, Fatehabad - HSPCB",,29.503664,75.467934,14347158,ppb,2025-10-11 09:30:00+00:00,2026-09-17 01:30:00+00:00,2026-09-17T01:30:00Z,6.94,580875.0
6982,co,"Deshpande Nagar, Hubballi - KSPCB",,15.351773,75.140726,12235164,ppb,2025-02-18 20:15:00+00:00,2025-10-29 08:00:00+00:00,2025-10-29T08:00:00Z,0.39,102725.0
6982,no2,"Deshpande Nagar, Hubballi - KSPCB",,15.351773,75.140726,12235166,ppb,2025-02-18 20:15:00+00:00,2026-03-13 12:15:00+00:00,2026-03-13T12:15:00Z,0.0,124125.0
6982,o3,"Deshpande Nagar, Hubballi - KSPCB",,15.351773,75.140726,12235167,µg/m³,2025-02-18 20:15:00+00:00,2026-03-13 12:15:00+00:00,2026-03-13T12:15:00Z,18.34,112850.0
6982,pm10,"Deshpande Nagar, Hubballi - KSPCB",,15.351773,75.140726,12235168,µg/m³,2025-02-18 20:15:00+00:00,2026-03-13 12:15:00+00:00,2026-03-13T12:15:00Z,111.0,76200.0
6982,pm25,"Deshpande Nagar, Hubballi - KSPCB",,15.351773,75.140726,12235169,µg/m³,2025-02-18 20:15:00+00:00,2025-10-29 08:00:00+00:00,2025-10-29T08:00:00Z,11.0,42050.0
6982,so2,"Deshpande Nagar, Hubballi - KSPCB",,15.351773,75.140726,12235171,ppb,2025-02-18 20:15:00+00:00,2026-04-07 06:00:00+00:00,2026-04-07T06:00:00Z,0.81,133925.0
6984,co,"Hebbal, Bengaluru - KSPCB",,13.029152,77.585901,12235244,ppb,2025-02-18 20:15:00+00:00,2026-09-17 14:30:00+00:00,2026-09-17T14:30:00Z,0.32,806975.0
6984,no2,"Hebbal, Bengaluru - KSPCB",,13.029152,77.585901,12235246,ppb,2025-02-18 20:15:00+00:00,2026-09-17 14:30:00+00:00,2026-09-17T14:30:00Z,14.4,932250.0
6984,o3,"Hebbal, Bengaluru - KSPCB",,13.029152,77.585901,12235247,µg/m³,2025-02-18 20:15:00+00:00,2026-09-17 14:30:00+00:00,2026-09-17T14:30:00Z,4.0,1034875.0
6984,pm10,"Hebbal, Bengaluru - KSPCB",,13.029152,77.585901,12235248,µg/m³,2025-02-18 20:15:00+00:00,2026-09-17 14:30:00+00:00,2026-09-17T14:30:00Z,30.0,1047750.0
6984,pm25,"Hebbal, Bengaluru - KSPCB",,13.029152,77.585901,12235249,µg/m³,2025-02-18 20:15:00+00:00,2026-09-17 14:30:00+00:00,2026-09-17T14:30:00Z,12.0,971900.0
6984,so2,"Hebbal, Bengaluru - KSPCB",,13.029152,77.585901,12235251,ppb,2025-02-18 20:30:00+00:00,2026-09-11 11:00:00+00:00,2026-09-11T11:00:00Z,1.1,890075.0
7495,co,"DRM Office Danapur, Patna - BSPCB",,25.586562,85.043586,12236186,ppb,2025-02-18 20:15:00+00:00,2026-09-17 14:30:00+00:00,2026-09-17T14:30:00Z,0.75,1069225.0
7495,no2,"DRM Office Danapur, Patna - BSPCB",,25.586562,85.043586,12236188,ppb,2025-02-18 20:15:00+00:00,2026-09-17 14:30:00+00:00,2026-09-17T14:30:00Z,21.45,1071025.0
7495,o3,"DRM Office Danapur, Patna - BSPCB",,25.586562,85.043586,12236189,µg/m³,2025-02-18 20:15:00+00:00,2026-09-17 14:30:00+00:00,2026-09-17T14:30:00Z,28.49,1070150.0
7495,pm10,"DRM Office Danapur, Patna - BSPCB",,25.586562,85.043586,12236190,µg/m³,2025-02-18 20:15:00+00:00,2026-09-17 14:30:00+00:00,2026-09-17T14:30:00Z,86.0,1058600.0
7495,pm25,"DRM Office Danapur, Patna - BSPCB",,25.586562,85.043586,12236191,µg/m³,2025-02-18 20:15:00+00:00,2026-09-17 14:30:00+00:00,2026-09-17T14:30:00Z,26.8,1055100.0
7495,so2,"DRM Office Danapur, Patna - BSPCB",,25.586562,85.043586,12236193,ppb,2025-02-18 20:15:00+00:00,2026-09-17 14:15:00+00:00,2026-09-17T14:15:00Z,6.23,1050350.0
8245,co,"Gole Bazar, Katni - MPPCB",,23.50016,80.23284,12236043,ppb,2025-02-18 20:15:00+00:00,2026-09-17 14:30:00+00:00,2026-09-17T14:30:00Z,0.8,1064875.0
8245,no2,"Gole Bazar, Katni - MPPCB",,23.50016,80.23284,12236045,ppb,2025-02-18 20:15:00+00:00,2026-09-17 14:30:00+00:00,2026-09-17T14:30:00Z,12.1,1095200.0
8245,o3,"Gole Bazar, Katni - MPPCB",,23.50016,80.23284,12236046,µg/m³,2025-02-18 20:15:00+00:00,2026-09-17 14:30:00+00:00,2026-09-17T14:30:00Z,11.1,1082925.0
8245,pm10,"Gole Bazar, Katni - MPPCB",,23.50016,80.23284,12236047,µg/m³,2025-02-18 20:15:00+00:00,2026-09-17 14:30:00+00:00,2026-09-17T14:30:00Z,64.0,1114225.0
8245,pm25,"Gole Bazar, Katni - MPPCB",,23.50016,80.23284,12236048,µg/m³,2025-02-18 20:15:00+00:00,2026-09-17 14:30:00+00:00,2026-09-17T14:30:00Z,30.0,1103500.0
8245,so2,"Gole Bazar, Katni - MPPCB",,23.50016,80.23284,12236050,ppb,2025-02-18 20:15:00+00:00,2026-09-17 14:30:00+00:00,2026-09-17T14:30:00Z,24.6,1077700.0
10633,co,"Victoria, Kolkata - WBPCB",,22.5448082,88.3403691,12235675,ppb,2025-02-18 20:15:00+00:00,2026-09-17 14:30:00+00:00,2026-09-17T14:30:00Z,0.77,1099700.0
10633,no2,"Victoria, Kolkata - WBPCB",,22.5448082,88.3403691,12235677,ppb,2025-02-18 20:15:00+00:00,2026-09-17 14:30:00+00:00,2026-09-17T14:30:00Z,14.04,1098250.0
10633,o3,"Victoria, Kolkata - WBPCB",,22.5448082,88.3403691,12235678,µg/m³,2025-02-18 20:15:00+00:00,2026-09-17 14:30:00+00:00,2026-09-17T14:30:00Z,26.09,1099100.0
10633,pm10,"Victoria, Kolkata - WBPCB",,22.5448082,88.3403691,12235679,µg/m³,2025-02-18 20:15:00+00:00,2026-09-17 14:30:00+00:00,2026-09-17T14:30:00Z,45.7,1097650.0
10633,pm25,"Victoria, Kolkata - WBPCB",,22.5448082,88.3403691,12235680,µg/m³,2025-02-18 20:15:00+00:00,2026-09-17 14:30:00+00:00,2026-09-17T14:30:00Z,25.8,1098025.0
10633,so2,"Victoria, Kolkata - WBPCB",,22.5448082,88.3403691,12235682,ppb,2025-02-18 20:15:00+00:00,2026-09-17 14:30:00+00:00,2026-09-17T14:30:00Z,0.37,1097600.0
10907,co,"City Center, Gwalior - MPPCB",,26.203442,78.193251,12236148,ppb,2025-02-18 20:15:00+00:00,2026-09-17 14:30:00+00:00,2026-09-17T14:30:00Z,0.85,1024275.0
10907,no2,"City Center, Gwalior - MPPCB",,26.203442,78.193251,12236150,ppb,2025-02-18 20:15:00+00:00,2026-09-17 14:30:00+00:00,2026-09-17T14:30:00Z,54.6,1053875.0
10907,o3,"City Center, Gwalior - MPPCB",,26.203442,78.193251,12236151,µg/m³,2025-02-18 20:15:00+00:00,2026-09-17 14:30:00+00:00,2026-09-17T14:30:00Z,51.5,1040025.0
10907,pm10,"City Center, Gwalior - MPPCB",,26.203442,78.193251,12236152,µg/m³,2025-02-18 20:15:00+00:00,2026-09-17 14:30:00+00:00,2026-09-17T14:30:00Z,23.0,1029250.0
10907,pm25,"City Center, Gwalior - MPPCB",,26.203442,78.193251,12236153,µg/m³,2025-02-18 20:15:00+00:00,2026-09-17 14:30:00+00:00,2026-09-17T14:30:00Z,16.0,1085675.0
10907,so2,"City Center, Gwalior - MPPCB",,26.203442,78.193251,12236155,ppb,2025-02-18 20:15:00+00:00,2026-09-17 14:30:00+00:00,2026-09-17T14:30:00Z,15.4,1003800.0
10915,co,"Polayathode, Kollam - Kerala PCB",,8.8787,76.6073,12242978,ppb,2025-02-19 07:30:00+00:00,2026-08-21 09:15:00+00:00,2026-08-21T09:15:00Z,0.28,664025.0
10915,no2,"Polayathode, Kollam - Kerala PCB",,8.8787,76.6073,12242980,ppb,2025-02-19 07:30:00+00:00,2026-08-21 09:15:00+00:00,2026-08-21T09:15:00Z,7.56,663775.0
10915,o3,"Polayathode, Kollam - Kerala PCB",,8.8787,76.6073,12242981,µg/m³,2025-02-19 07:30:00+00:00,2026-07-18 10:30:00+00:00,2026-07-18T10:30:00Z,35.84,604750.0
10915,pm10,"Polayathode, Kollam - Kerala PCB",,8.8787,76.6073,12242982,µg/m³,2025-02-19 07:30:00+00:00,2026-08-21 09:15:00+00:00,2026-08-21T09:15:00Z,41.12,664525.0
10915,pm25,"Polayathode, Kollam - Kerala PCB",,8.8787,76.6073,12242983,µg/m³,2025-02-19 07:30:00+00:00,2026-08-21 09:15:00+00:00,2026-08-21T09:15:00Z,25.93,662800.0
10915,so2,"Polayathode, Kollam - Kerala PCB",,8.8787,76.6073,12242985,ppb,2025-02-19 07:30:00+00:00,2026-08-21 09:15:00+00:00,2026-08-21T09:15:00Z,2.2,663725.0
11579,co,"Kodungaiyur, Chennai - TNPCB",,13.1278,80.2642,12236303,ppb,2025-02-18 20:15:00+00:00,2026-09-10 13:30:00+00:00,2026-09-10T13:30:00Z,0.6,969650.0
11579,no2,"Kodungaiyur, Chennai - TNPCB",,13.1278,80.2642,12236305,ppb,2025-02-18 20:15:00+00:00,2026-09-10 13:30:00+00:00,2026-09-10T13:30:00Z,12.12,1047625.0
11579,o3,"Kodungaiyur, Chennai - TNPCB",,13.1278,80.2642,12236306,µg/m³,2025-02-18 20:15:00+00:00,2026-09-10 13:30:00+00:00,2026-09-10T13:30:00Z,33.22,1045350.0
11579,pm10,"Kodungaiyur, Chennai - TNPCB",,13.1278,80.2642,12236307,µg/m³,2025-02-18 20:15:00+00:00,2026-09-10 13:30:00+00:00,2026-09-10T13:30:00Z,90.0,1044750.0
11579,pm25,"Kodungaiyur, Chennai - TNPCB",,13.1278,80.2642,12236308,µg/m³,2025-02-18 20:15:00+00:00,2026-09-10 13:30:00+00:00,2026-09-10T13:30:00Z,45.0,1034975.0
11579,so2,"Kodungaiyur, Chennai - TNPCB",,13.1278,80.2642,12236310,ppb,2025-02-18 20:15:00+00:00,2026-09-10 13:30:00+00:00,2026-09-10T13:30:00Z,4.86,1009075.0
11582,co,"Stuart Hill, Madikeri - KSPCB",,12.415911,75.73505,12236347,ppb,2025-02-18 20:15:00+00:00,2026-09-17 14:30:00+00:00,2026-09-17T14:30:00Z,0.01,656550.0
11582,no2,"Stuart Hill, Madikeri - KSPCB",,12.415911,75.73505,12236349,ppb,2025-02-18 20:15:00+00:00,2026-09-17 14:30:00+00:00,2026-09-17T14:30:00Z,1.9,502800.0
11582,o3,"Stuart Hill, Madikeri - KSPCB",,12.415911,75.73505,12236350,µg/m³,2025-02-18 20:15:00+00:00,2026-09-17 14:15:00+00:00,2026-09-17T14:15:00Z,2.01,1054175.0
11582,pm10,"Stuart Hill, Madikeri - KSPCB",,12.415911,75.73505,12236351,µg/m³,2025-02-18 20:15:00+00:00,2026-09-17 14:30:00+00:00,2026-09-17T14:30:00Z,11.0,1057675.0
11582,pm25,"Stuart Hill, Madikeri - KSPCB",,12.415911,75.73505,12236352,µg/m³,2025-02-18 20:15:00+00:00,2026-09-17 14:30:00+00:00,2026-09-17T14:30:00Z,1.0,1051900.0
11582,so2,"Stuart Hill, Madikeri - KSPCB",,12.415911,75.73505,12236354,ppb,2025-02-18 20:15:00+00:00,2026-09-17 14:30:00+00:00,2026-09-17T14:30:00Z,5.7,1070275.0
220265,co,"Rajbagh, Srinagar - JKSPCB",,34.06621,74.81982,12251169,ppb,2025-02-20 05:30:00+00:00,2026-09-17 14:30:00+00:00,2026-09-17T14:30:00Z,0.3,848825.0
220265,no2,"Rajbagh, Srinagar - JKSPCB",,34.06621,74.81982,12251171,ppb,2025-02-20 05:30:00+00:00,2026-09-17 14:30:00+00:00,2026-09-17T14:30:00Z,15.15,843875.0
220265,o3,"Rajbagh, Srinagar - JKSPCB",,34.06621,74.81982,12251172,µg/m³,2025-02-20 05:45:00+00:00,2026-09-17 14:30:00+00:00,2026-09-17T14:30:00Z,0.49,834725.0
220265,pm10,"Rajbagh, Srinagar - JKSPCB",,34.06621,74.81982,12251173,µg/m³,2025-02-20 05:15:00+00:00,2026-09-17 14:30:00+00:00,2026-09-17T14:30:00Z,28.3,847250.0
220265,pm25,"Rajbagh, Srinagar - JKSPCB",,34.06621,74.81982,12251174,µg/m³,2025-02-20 05:15:00+00:00,2026-09-17 14:30:00+00:00,2026-09-17T14:30:00Z,10.8,845050.0
220265,so2,"Rajbagh, Srinagar - JKSPCB",,34.06621,74.81982,12251176,ppb,2025-02-20 05:30:00+00:00,2026-09-17 14:30:00+00:00,2026-09-17T14:30:00Z,2.81,843825.0
227386,co,"B R Ambedkar University, Lucknow - UPPCB",,26.766433000000003,80.927299,12236616,ppb,2025-02-18 20:15:00+00:00,2026-09-17 14:30:00+00:00,2026-09-17T14:30:00Z,0.5,1126150.0
227386,no2,"B R Ambedkar University, Lucknow - UPPCB",,26.766433000000003,80.927299,12236618,ppb,2025-02-18 20:15:00+00:00,2026-09-17 14:30:00+00:00,2026-09-17T14:30:00Z,9.6,1126100.0
227386,o3,"B R Ambedkar University, Lucknow - UPPCB",,26.766433000000003,80.927299,12236619,µg/m³,2025-02-18 20:15:00+00:00,2026-09-17 14:30:00+00:00,2026-09-17T14:30:00Z,82.96,1120475.0
227386,pm10,"B R Ambedkar University, Lucknow - UPPCB",,26.766433000000003,80.927299,12236620,µg/m³,2025-02-18 20:15:00+00:00,2026-09-17 14:30:00+00:00,2026-09-17T14:30:00Z,52.81,1103800.0
227386,pm25,"B R Ambedkar University, Lucknow - UPPCB",,26.766433000000003,80.927299,12236621,µg/m³,2025-02-18 20:15:00+00:00,2026-09-17 14:30:00+00:00,2026-09-17T14:30:00Z,19.86,1096250.0
227386,so2,"B R Ambedkar University, Lucknow - UPPCB",,26.766433000000003,80.927299,12236623,ppb,2025-02-18 20:15:00+00:00,2026-09-17 14:30:00+00:00,2026-09-17T14:30:00Z,23.8,1125900.0
227534,co,"Gyaspur, Ahmedabad - IITM",,22.977134,72.553024,12236526,ppb,2025-02-18 20:15:00+00:00,2026-09-17 14:30:00+00:00,2026-09-17T14:30:00Z,0.91,1108725.0
227534,no2,"Gyaspur, Ahmedabad - IITM",,22.977134,72.553024,12236528,ppb,2025-02-18 20:15:00+00:00,2026-09-17 14:30:00+00:00,2026-09-17T14:30:00Z,28.42,1106050.0
227534,o3,"Gyaspur, Ahmedabad - IITM",,22.977134,72.553024,12236529,µg/m³,2025-02-18 20:15:00+00:00,2026-09-17 07:30:00+00:00,2026-09-17T07:30:00Z,11.38,1092850.0
227534,pm10,"Gyaspur, Ahmedabad - IITM",,22.977134,72.553024,12236530,µg/m³,2025-02-18 20:15:00+00:00,2026-09-17 14:30:00+00:00,2026-09-17T14:30:00Z,79.39,1105650.0
227534,pm25,"Gyaspur, Ahmedabad - IITM",,22.977134,72.553024,12236531,µg/m³,2025-02-18 20:15:00+00:00,2026-09-17 14:30:00+00:00,2026-09-17T14:30:00Z,35.12,1094750.0
227534,so2,"Gyaspur, Ahmedabad - IITM",,22.977134,72.553024,12236533,ppb,2025-02-18 20:15:00+00:00,2026-09-17 14:30:00+00:00,2026-09-17T14:30:00Z,23.59,1107575.0
228352,co,"Shastripuram, Agra - UPPCB",,27.19862,77.92066,12236634,ppb,2025-02-18 20:15:00+00:00,2026-09-17 14:30:00+00:00,2026-09-17T14:30:00Z,0.74,1114325.0
228352,no2,"Shastripuram, Agra - UPPCB",,27.19862,77.92066,12236636,ppb,2025-02-18 20:15:00+00:00,2026-09-17 14:30:00+00:00,2026-09-17T14:30:00Z,46.64,1114275.0
228352,o3,"Shastripuram, Agra - UPPCB",,27.19862,77.92066,12236637,µg/m³,2025-02-18 20:15:00+00:00,2026-09-17 14:30:00+00:00,2026-09-17T14:30:00Z,20.28,1113950.0
228352,pm10,"Shastripuram, Agra - UPPCB",,27.19862,77.92066,12236638,µg/m³,2025-02-18 20:15:00+00:00,2026-09-17 14:30:00+00:00,2026-09-17T14:30:00Z,17.17,1078875.0
228352,pm25,"Shastripuram, Agra - UPPCB",,27.19862,77.92066,12236639,µg/m³,2025-02-18 20:15:00+00:00,2026-09-17 14:30:00+00:00,2026-09-17T14:30:00Z,12.26,1108950.0
228352,so2,"Shastripuram, Agra - UPPCB",,27.19862,77.92066,12236641,ppb,2025-02-18 20:15:00+00:00,2026-09-17 14:30:00+00:00,2026-09-17T14:30:00Z,29.22,1086100.0
229728,co,"Kamalnath Nagar, Bettiah - BSPCB",,26.80365,84.51954,12236706,ppb,2025-02-18 20:15:00+00:00,2026-09-17 14:00:00+00:00,2026-09-17T14:00:00Z,0.7,869475.0
229728,no2,"Kamalnath Nagar, Bettiah - BSPCB",,26.80365,84.51954,12236708,ppb,2025-02-18 20:15:00+00:00,2026-09-17 14:30:00+00:00,2026-09-17T14:30:00Z,20.9,818225.0
229728,o3,"Kamalnath Nagar, Bettiah - BSPCB",,26.80365,84.51954,12236709,µg/m³,2025-02-18 20:15:00+00:00,2026-09-17 14:30:00+00:00,2026-09-17T14:30:00Z,15.1,924525.0
229728,pm10,"Kamalnath Nagar, Bettiah - BSPCB",,26.80365,84.51954,12236710,µg/m³,2025-02-18 20:15:00+00:00,2026-09-17 14:30:00+00:00,2026-09-17T14:30:00Z,20.0,829050.0
229728,pm25,"Kamalnath Nagar, Bettiah - BSPCB",,26.80365,84.51954,12236711,µg/m³,2025-02-18 20:15:00+00:00,2026-09-17 14:30:00+00:00,2026-09-17T14:30:00Z,13.0,786350.0
229728,so2,"Kamalnath Nagar, Bettiah - BSPCB",,26.80365,84.51954,12236713,ppb,2025-02-18 20:15:00+00:00,2026-09-17 14:30:00+00:00,2026-09-17T14:30:00Z,11.0,813175.0
270721,co,"Mayaganj, Bhagalpur - BSPCB",,25.265194,87.012947,12236870,ppb,2025-02-18 20:15:00+00:00,2026-09-17 13:00:00+00:00,2026-09-17T13:00:00Z,4.45,951400.0
270721,no2,"Mayaganj, Bhagalpur - BSPCB",,25.265194,87.012947,12236872,ppb,2025-02-18 20:15:00+00:00,2026-09-17 14:30:00+00:00,2026-09-17T14:30:00Z,17.1,1038025.0
270721,o3,"Mayaganj, Bhagalpur - BSPCB",,25.265194,87.012947,12236873,µg/m³,2025-02-18 20:15:00+00:00,2026-09-17 14:30:00+00:00,2026-09-17T14:30:00Z,12.6,962000.0
270721,pm10,"Mayaganj, Bhagalpur - BSPCB",,25.265194,87.012947,12236874,µg/m³,2025-02-18 20:15:00+00:00,2026-09-17 14:30:00+00:00,2026-09-17T14:30:00Z,38.0,949150.0
270721,pm25,"Mayaganj, Bhagalpur - BSPCB",,25.265194,87.012947,12236875,µg/m³,2025-02-18 20:15:00+00:00,2026-09-17 14:30:00+00:00,2026-09-17T14:30:00Z,21.0,941675.0
270721,so2,"Mayaganj, Bhagalpur - BSPCB",,25.265194,87.012947,12236877,ppb,2025-02-18 20:15:00+00:00,2026-09-17 13:00:00+00:00,2026-09-17T13:00:00Z,135.5,943425.0
270777,co,"Jigar Colony, Moradabad - UPPCB",,28.856664,78.772638,12236985,ppb,2025-02-18 20:15:00+00:00,2026-09-17 14:30:00+00:00,2026-09-17T14:30:00Z,0.78,1112175.0
270777,no2,"Jigar Colony, Moradabad - UPPCB",,28.856664,78.772638,12236987,ppb,2025-02-18 20:15:00+00:00,2026-09-17 14:30:00+00:00,2026-09-17T14:30:00Z,19.7,1112250.0
270777,o3,"Jigar Colony, Moradabad - UPPCB",,28.856664,78.772638,12236988,µg/m³,2025-02-18 20:15:00+00:00,2026-09-17 14:30:00+00:00,2026-09-17T14:30:00Z,22.09,1112200.0
270777,pm10,"Jigar Colony, Moradabad - UPPCB",,28.856664,78.772638,12236989,µg/m³,2025-02-18 20:15:00+00:00,2026-09-17 14:30:00+00:00,2026-09-17T14:30:00Z,81.66,1107075.0
270777,pm25,"Jigar Colony, Moradabad - UPPCB",,28.856664,78.772638,12236990,µg/m³,2025-02-18 20:15:00+00:00,2026-09-17 14:30:00+00:00,2026-09-17T14:30:00Z,24.21,1103125.0
270777,so2,"Jigar Colony, Moradabad - UPPCB",,28.856664,78.772638,12236992,ppb,2025-02-18 20:15:00+00:00,2026-09-17 14:30:00+00:00,2026-09-17T14:30:00Z,36.39,1112175.0
346258,co,"Kokapet, Hyderabad - TSPCB",,17.393559,78.33919399999999,12237156,ppb,2025-02-18 20:15:00+00:00,2026-09-17 14:30:00+00:00,2026-09-17T14:30:00Z,0.63,980600.0
346258,no2,"Kokapet, Hyderabad - TSPCB",,17.393559,78.33919399999999,12237158,ppb,2025-02-18 20:15:00+00:00,2026-09-17 14:30:00+00:00,2026-09-17T14:30:00Z,10.37,980125.0
346258,o3,"Kokapet, Hyderabad - TSPCB",,17.393559,78.33919399999999,12237159,µg/m³,2025-02-18 20:15:00+00:00,2026-09-17 14:30:00+00:00,2026-09-17T14:30:00Z,19.97,979800.0
346258,pm10,"Kokapet, Hyderabad - TSPCB",,17.393559,78.33919399999999,12237160,µg/m³,2025-02-18 20:15:00+00:00,2026-09-17 14:30:00+00:00,2026-09-17T14:30:00Z,73.18,983750.0
346258,pm25,"Kokapet, Hyderabad - TSPCB",,17.393559,78.33919399999999,12237161,µg/m³,2025-02-18 20:15:00+00:00,2026-09-17 14:30:00+00:00,2026-09-17T14:30:00Z,32.3,983525.0
346258,so2,"Kokapet, Hyderabad - TSPCB",,17.393559,78.33919399999999,12237163,ppb,2025-02-18 20:15:00+00:00,2026-09-17 14:30:00+00:00,2026-09-17T14:30:00Z,7.36,980800.0
358448,co,"Kumaran College, Tirupur - TNPCB",,11.0973603,77.3228673,12237175,ppb,2025-02-18 20:15:00+00:00,2026-04-14 23:45:00+00:00,2026-04-14T23:45:00Z,3.03,540125.0
358448,no2,"Kumaran College, Tirupur - TNPCB",,11.0973603,77.3228673,12237177,ppb,2025-02-18 20:15:00+00:00,2026-04-14 23:45:00+00:00,2026-04-14T23:45:00Z,3.32,537350.0
358448,o3,"Kumaran College, Tirupur - TNPCB",,11.0973603,77.3228673,12255215,µg/m³,2025-02-20 14:30:00+00:00,2026-04-14 23:45:00+00:00,2026-04-14T23:45:00Z,0.25,523850.0
358448,pm10,"Kumaran College, Tirupur - TNPCB",,11.0973603,77.3228673,12237178,µg/m³,2025-02-18 20:15:00+00:00,2026-04-08 06:00:00+00:00,2026-04-08T06:00:00Z,3573.0,549550.0
358448,pm25,"Kumaran College, Tirupur - TNPCB",,11.0973603,77.3228673,12237179,µg/m³,2025-02-18 20:15:00+00:00,2026-04-14 23:45:00+00:00,2026-04-14T23:45:00Z,40.0,548425.0
358448,so2,"Kumaran College, Tirupur - TNPCB",,11.0973603,77.3228673,12237181,ppb,2025-02-18 20:15:00+00:00,2026-04-14 23:45:00+00:00,2026-04-14T23:45:00Z,28.7,543400.0
363601,co,"Girls College, Sivasagar - PCBA",,26.987634000000003,94.636574,12237407,ppb,2025-02-18 20:15:00+00:00,2026-09-17 14:30:00+00:00,2026-09-17T14:30:00Z,0.48,1042325.0
363601,no2,"Girls College, Sivasagar - PCBA",,26.987634000000003,94.636574,12237409,ppb,2025-02-18 20:15:00+00:00,2026-09-17 14:30:00+00:00,2026-09-17T14:30:00Z,15.47,1041150.0
363601,o3,"Girls College, Sivasagar - PCBA",,26.987634000000003,94.636574,12237410,µg/m³,2025-02-18 20:15:00+00:00,2026-09-17 14:30:00+00:00,2026-09-17T14:30:00Z,17.61,1041425.0
363601,pm10,"Girls College, Sivasagar - PCBA",,26.987634000000003,94.636574,12237411,µg/m³,2025-02-18 20:15:00+00:00,2026-09-17 14:30:00+00:00,2026-09-17T14:30:00Z,33.97,1046650.0
363601,pm25,"Girls College, Sivasagar - PCBA",,26.987634000000003,94.636574,12237412,µg/m³,2025-02-18 20:15:00+00:00,2026-09-17 14:30:00+00:00,2026-09-17T14:30:00Z,11.22,1045900.0
363601,so2,"Girls College, Sivasagar - PCBA",,26.987634000000003,94.636574,12237414,ppb,2025-02-18 20:15:00+00:00,2026-09-17 14:30:00+00:00,2026-09-17T14:30:00Z,6.69,1031150.0
3409345,co,"Parisutham Nagar, Thanjavur - TNPCB",,10.7654824,79.1389968,12237201,ppb,2025-02-18 20:15:00+00:00,2025-11-07 10:15:00+00:00,2025-11-07T10:15:00Z,0.17,152350.0
3409345,no2,"Parisutham Nagar, Thanjavur - TNPCB",,10.7654824,79.1389968,12237203,ppb,2025-02-18 20:15:00+00:00,2026-02-19 15:15:00+00:00,2026-02-19T15:15:00Z,2.36,155400.0
3409345,o3,"Parisutham Nagar, Thanjavur - TNPCB",,10.7654824,79.1389968,12237204,µg/m³,2025-02-18 20:15:00+00:00,2025-11-07 10:15:00+00:00,2025-11-07T10:15:00Z,18.44,153425.0
3409345,pm10,"Parisutham Nagar, Thanjavur - TNPCB",,10.7654824,79.1389968,12237205,µg/m³,2025-02-18 20:15:00+00:00,2026-02-20 06:30:00+00:00,2026-02-20T06:30:00Z,985.0,580325.0
3409345,pm25,"Parisutham Nagar, Thanjavur - TNPCB",,10.7654824,79.1389968,12237206,µg/m³,2025-02-18 20:15:00+00:00,2026-02-19 15:15:00+00:00,2026-02-19T15:15:00Z,444.25,165650.0
3409345,so2,"Parisutham Nagar, Thanjavur - TNPCB",,10.7654824,79.1389968,12237208,ppb,2025-02-18 20:15:00+00:00,2026-03-11 10:00:00+00:00,2026-03-11T10:00:00Z,13.36,160025.0
3409361,co,"AIIMS, Raipur - CECB",,21.258815,81.578979,12237371,ppb,2025-02-18 20:15:00+00:00,2026-09-17 14:30:00+00:00,2026-09-17T14:30:00Z,0.51,1063275.0
3409361,no2,"AIIMS, Raipur - CECB",,21.258815,81.578979,12237373,ppb,2025-02-18 20:15:00+00:00,2026-09-17 14:30:00+00:00,2026-09-17T14:30:00Z,3.99,1055200.0
3409361,o3,"AIIMS, Raipur - CECB",,21.258815,81.578979,12237374,µg/m³,2025-02-18 20:15:00+00:00,2026-09-17 14:30:00+00:00,2026-09-17T14:30:00Z,15.25,1063075.0
3409361,pm10,"AIIMS, Raipur - CECB",,21.258815,81.578979,12237375,µg/m³,2025-02-18 20:15:00+00:00,2026-09-17 14:30:00+00:00,2026-09-17T14:30:00Z,34.04,1065675.0
3409361,pm25,"AIIMS, Raipur - CECB",,21.258815,81.578979,12237376,µg/m³,2025-02-18 20:15:00+00:00,2026-09-17 14:30:00+00:00,2026-09-17T14:30:00Z,17.9,1061600.0
3409361,so2,"AIIMS, Raipur - CECB",,21.258815,81.578979,12237378,ppb,2025-02-18 20:15:00+00:00,2026-09-17 13:45:00+00:00,2026-09-17T13:45:00Z,0.09,1064225.0
3409376,co,"Central Academy for SFS, Byrnihat - PCBA",,26.071318,91.87488,12237489,ppb,2025-02-18 20:15:00+00:00,2026-09-17 14:30:00+00:00,2026-09-17T14:30:00Z,1.23,824950.0
3409376,no2,"Central Academy for SFS, Byrnihat - PCBA",,26.071318,91.87488,12237491,ppb,2025-02-18 21:30:00+00:00,2026-09-17 14:30:00+00:00,2026-09-17T14:30:00Z,6.6,816925.0
3409376,o3,"Central Academy for SFS, Byrnihat - PCBA",,26.071318,91.87488,12237492,µg/m³,2025-02-18 20:15:00+00:00,2026-09-17 14:30:00+00:00,2026-09-17T14:30:00Z,17.3,830100.0
3409376,pm10,"Central Academy for SFS, Byrnihat - PCBA",,26.071318,91.87488,12237493,µg/m³,2025-02-18 20:15:00+00:00,2026-09-17 14:30:00+00:00,2026-09-17T14:30:00Z,75.0,809950.0
3409376,pm25,"Central Academy for SFS, Byrnihat - PCBA",,26.071318,91.87488,12237494,µg/m³,2025-02-18 20:15:00+00:00,2026-09-17 14:30:00+00:00,2026-09-17T14:30:00Z,49.0,810600.0
3409376,so2,"Central Academy for SFS, Byrnihat - PCBA",,26.071318,91.87488,12237496,ppb,2025-02-18 20:15:00+00:00,2026-09-17 14:30:00+00:00,2026-09-17T14:30:00Z,25.3,834250.0
3409380,co,"Tata Township, Bileipada - OSPCB",,22.06156703,85.47409613,12237524,ppb,2025-02-18 20:15:00+00:00,2026-09-15 06:45:00+00:00,2026-09-15T06:45:00Z,0.93,989275.0
3409380,no2,"Tata Township, Bileipada - OSPCB",,22.06156703,85.47409613,12237526,ppb,2025-02-18 20:15:00+00:00,2026-09-17 14:30:00+00:00,2026-09-17T14:30:00Z,11.59,980950.0
3409380,o3,"Tata Township, Bileipada - OSPCB",,22.06156703,85.47409613,12237527,µg/m³,2025-02-18 20:15:00+00:00,2026-09-17 14:30:00+00:00,2026-09-17T14:30:00Z,16.32,989275.0
3409380,pm10,"Tata Township, Bileipada - OSPCB",,22.06156703,85.47409613,12237528,µg/m³,2025-02-18 20:15:00+00:00,2026-09-17 14:30:00+00:00,2026-09-17T14:30:00Z,59.38,993225.0
3409380,pm25,"Tata Township, Bileipada - OSPCB",,22.06156703,85.47409613,12237529,µg/m³,2025-02-18 20:15:00+00:00,2026-09-17 14:30:00+00:00,2026-09-17T14:30:00Z,46.23,997175.0
3409380,so2,"Tata Township, Bileipada - OSPCB",,22.06156703,85.47409613,12237531,ppb,2025-02-18 20:15:00+00:00,2026-09-15 09:15:00+00:00,2026-09-15T09:15:00Z,4.72,989375.0
3409392,co,"Kanuru, Vijayawada - APPCB",,16.486692,80.69943599999999,12237631,ppb,2025-02-18 20:15:00+00:00,2026-08-03 10:15:00+00:00,2026-08-03T10:15:00Z,0.48,526475.0
3409392,no2,"Kanuru, Vijayawada - APPCB",,16.486692,80.69943599999999,12237633,ppb,2025-02-18 20:15:00+00:00,2026-08-03 10:15:00+00:00,2026-08-03T10:15:00Z,25.16,527225.0
3409392,o3,"Kanuru, Vijayawada - APPCB",,16.486692,80.69943599999999,12237634,µg/m³,2025-02-18 20:15:00+00:00,2026-08-03 10:15:00+00:00,2026-08-03T10:15:00Z,33.39,528625.0
3409392,pm10,"Kanuru, Vijayawada - APPCB",,16.486692,80.69943599999999,12237635,µg/m³,2025-02-18 20:15:00+00:00,2026-08-03 10:15:00+00:00,2026-08-03T10:15:00Z,76.44,528675.0
3409392,pm25,"Kanuru, Vijayawada - APPCB",,16.486692,80.69943599999999,12237636,µg/m³,2025-02-18 20:15:00+00:00,2026-08-03 10:15:00+00:00,2026-08-03T10:15:00Z,48.39,528200.0
3409392,so2,"Kanuru, Vijayawada - APPCB",,16.486692,80.69943599999999,12237638,ppb,2025-02-18 20:15:00+00:00,2026-08-03 10:15:00+00:00,2026-08-03T10:15:00Z,14.46,531800.0
3409396,co,"Nawapara SECL Colony, Chhal - CECB",,22.118125,83.140608,12237662,ppb,2025-02-18 20:15:00+00:00,2026-09-17 14:30:00+00:00,2026-09-17T14:30:00Z,0.49,917425.0
3409396,no2,"Nawapara SECL Colony, Chhal - CECB",,22.118125,83.140608,12237664,ppb,2025-02-18 20:15:00+00:00,2026-09-17 14:30:00+00:00,2026-09-17T14:30:00Z,6.31,915300.0
3409396,o3,"Nawapara SECL Colony, Chhal - CECB",,22.118125,83.140608,12237665,µg/m³,2025-02-18 20:15:00+00:00,2026-09-17 14:30:00+00:00,2026-09-17T14:30:00Z,43.48,915525.0
3409396,pm10,"Nawapara SECL Colony, Chhal - CECB",,22.118125,83.140608,12237666,µg/m³,2025-02-18 20:15:00+00:00,2026-09-17 14:30:00+00:00,2026-09-17T14:30:00Z,54.43,913125.0
3409396,pm25,"Nawapara SECL Colony, Chhal - CECB",,22.118125,83.140608,12237667,µg/m³,2025-02-18 20:15:00+00:00,2026-09-17 14:30:00+00:00,2026-09-17T14:30:00Z,27.88,912950.0
3409396,so2,"Nawapara SECL Colony, Chhal - CECB",,22.118125,83.140608,12237669,ppb,2025-02-18 20:15:00+00:00,2026-09-17 14:30:00+00:00,2026-09-17T14:30:00Z,5.94,909800.0
3409412,co,"Dhanmandi, Kota - RSPCB",,25.16409,75.858137,12237797,ppb,2025-02-18 20:15:00+00:00,2026-09-17 14:30:00+00:00,2026-09-17T14:30:00Z,0.34,1102400.0
3409412,no2,"Dhanmandi, Kota - RSPCB",,25.16409,75.858137,12237799,ppb,2025-02-18 20:15:00+00:00,2026-09-17 14:30:00+00:00,2026-09-17T14:30:00Z,16.7,1111250.0
3409412,o3,"Dhanmandi, Kota - RSPCB",,25.16409,75.858137,12237800,µg/m³,2025-02-18 20:15:00+00:00,2026-09-17 14:30:00+00:00,2026-09-17T14:30:00Z,31.3,1093750.0
3409412,pm10,"Dhanmandi, Kota - RSPCB",,25.16409,75.858137,12237801,µg/m³,2025-02-18 20:15:00+00:00,2026-09-17 14:30:00+00:00,2026-09-17T14:30:00Z,39.0,1121375.0
3409412,pm25,"Dhanmandi, Kota - RSPCB",,25.16409,75.858137,12237802,µg/m³,2025-02-18 20:15:00+00:00,2026-09-17 14:30:00+00:00,2026-09-17T14:30:00Z,32.0,1118025.0
3409412,so2,"Dhanmandi, Kota - RSPCB",,25.16409,75.858137,12237804,ppb,2025-02-18 20:15:00+00:00,2026-09-17 14:30:00+00:00,2026-09-17T14:30:00Z,3.2,1103325.0
3409418,co,"Khatikan Mohalla, Dausa - RSPCB",,26.895552,76.334753,12237838,ppb,2025-02-18 20:15:00+00:00,2026-09-17 14:30:00+00:00,2026-09-17T14:30:00Z,0.95,1086900.0
3409418,no2,"Khatikan Mohalla, Dausa - RSPCB",,26.895552,76.334753,12237840,ppb,2025-02-18 20:15:00+00:00,2026-09-17 14:30:00+00:00,2026-09-17T14:30:00Z,29.8,1099750.0
3409418,o3,"Khatikan Mohalla, Dausa - RSPCB",,26.895552,76.334753,12237841,µg/m³,2025-02-18 20:15:00+00:00,2026-09-17 14:30:00+00:00,2026-09-17T14:30:00Z,18.2,1083550.0
3409418,pm10,"Khatikan Mohalla, Dausa - RSPCB",,26.895552,76.334753,12237842,µg/m³,2025-02-18 20:15:00+00:00,2026-09-17 14:00:00+00:00,2026-09-17T14:00:00Z,24.0,1092300.0
3409418,pm25,"Khatikan Mohalla, Dausa - RSPCB",,26.895552,76.334753,12237843,µg/m³,2025-02-18 20:15:00+00:00,2026-09-17 14:00:00+00:00,2026-09-17T14:00:00Z,23.0,1099775.0
3409418,so2,"Khatikan Mohalla, Dausa - RSPCB",,26.895552,76.334753,12237845,ppb,2025-02-18 20:15:00+00:00,2026-09-17 14:30:00+00:00,2026-09-17T14:30:00Z,1.6,1078525.0
3409419,co,"Railway Colony, Barmer - RSPCB",,25.747299,71.393989,12237847,ppb,2025-02-18 20:15:00+00:00,2026-09-17 14:30:00+00:00,2026-09-17T14:30:00Z,1.18,1114225.0
3409419,no2,"Railway Colony, Barmer - RSPCB",,25.747299,71.393989,12237849,ppb,2025-02-18 20:15:00+00:00,2026-09-17 14:30:00+00:00,2026-09-17T14:30:00Z,10.9,1116250.0
3409419,o3,"Railway Colony, Barmer - RSPCB",,25.747299,71.393989,12237850,µg/m³,2025-02-18 20:15:00+00:00,2026-09-17 14:30:00+00:00,2026-09-17T14:30:00Z,38.3,1111250.0
3409419,pm10,"Railway Colony, Barmer - RSPCB",,25.747299,71.393989,12237851,µg/m³,2025-02-18 20:15:00+00:00,2026-09-17 14:30:00+00:00,2026-09-17T14:30:00Z,50.0,1135400.0
3409419,pm25,"Railway Colony, Barmer - RSPCB",,25.747299,71.393989,12237852,µg/m³,2025-02-18 20:15:00+00:00,2026-09-17 14:30:00+00:00,2026-09-17T14:30:00Z,9.0,1127675.0
3409419,so2,"Railway Colony, Barmer - RSPCB",,25.747299,71.393989,12237854,ppb,2025-02-18 20:15:00+00:00,2026-09-17 14:30:00+00:00,2026-09-17T14:30:00Z,3.0,1100600.0
3409422,co,"Indra Nagar, Jhunjhunu - RSPCB",,28.108988,75.386577,12237874,ppb,2025-02-18 20:15:00+00:00,2026-09-17 14:30:00+00:00,2026-09-17T14:30:00Z,0.32,1114450.0
3409422,no2,"Indra Nagar, Jhunjhunu - RSPCB",,28.108988,75.386577,12237876,ppb,2025-02-18 20:15:00+00:00,2026-09-17 14:30:00+00:00,2026-09-17T14:30:00Z,11.2,1120225.0
3409422,o3,"Indra Nagar, Jhunjhunu - RSPCB",,28.108988,75.386577,12237877,µg/m³,2025-02-18 20:15:00+00:00,2026-09-17 14:30:00+00:00,2026-09-17T14:30:00Z,44.2,1096875.0
3409422,pm10,"Indra Nagar, Jhunjhunu - RSPCB",,28.108988,75.386577,12237878,µg/m³,2025-02-18 20:15:00+00:00,2026-09-17 14:30:00+00:00,2026-09-17T14:30:00Z,15.0,1124100.0
3409422,pm25,"Indra Nagar, Jhunjhunu - RSPCB",,28.108988,75.386577,12237879,µg/m³,2025-02-18 20:15:00+00:00,2026-09-17 14:30:00+00:00,2026-09-17T14:30:00Z,8.0,1122550.0
3409422,so2,"Indra Nagar, Jhunjhunu - RSPCB",,28.108988,75.386577,12237881,ppb,2025-02-18 20:15:00+00:00,2026-09-17 14:30:00+00:00,2026-09-17T14:30:00Z,2.1,1119975.0
3409431,co,"Digari Kalan, Jodhpur - RSPCB",,26.295809999999996,73.08228299999999,12237955,ppb,2025-02-18 20:15:00+00:00,2026-09-17 14:30:00+00:00,2026-09-17T14:30:00Z,0.3,1081700.0
3409431,no2,"Digari Kalan, Jodhpur - RSPCB",,26.295809999999996,73.08228299999999,12237957,ppb,2025-02-18 20:15:00+00:00,2026-09-17 14:30:00+00:00,2026-09-17T14:30:00Z,13.5,1103375.0
3409431,o3,"Digari Kalan, Jodhpur - RSPCB",,26.295809999999996,73.08228299999999,12237958,µg/m³,2025-02-18 20:15:00+00:00,2026-09-17 14:30:00+00:00,2026-09-17T14:30:00Z,56.3,1087450.0
3409431,pm10,"Digari Kalan, Jodhpur - RSPCB",,26.295809999999996,73.08228299999999,12237959,µg/m³,2025-02-18 20:15:00+00:00,2026-09-17 14:30:00+00:00,2026-09-17T14:30:00Z,34.0,1116625.0
3409431,pm25,"Digari Kalan, Jodhpur - RSPCB",,26.295809999999996,73.08228299999999,12237960,µg/m³,2025-02-18 20:15:00+00:00,2026-09-17 14:30:00+00:00,2026-09-17T14:30:00Z,12.0,1111275.0
3409431,so2,"Digari Kalan, Jodhpur - RSPCB",,26.295809999999996,73.08228299999999,12237962,ppb,2025-02-18 20:15:00+00:00,2026-09-17 14:30:00+00:00,2026-09-17T14:30:00Z,3.9,1089875.0
3409461,co,"Rachnakar Colony, Aurangabad - MPCB",,19.863756,75.321188,12238190,ppb,2025-02-18 20:15:00+00:00,2026-09-17 14:30:00+00:00,2026-09-17T14:30:00Z,0.99,1066325.0
3409461,no2,"Rachnakar Colony, Aurangabad - MPCB",,19.863756,75.321188,12238192,ppb,2025-02-18 20:15:00+00:00,2026-09-17 14:30:00+00:00,2026-09-17T14:30:00Z,24.21,1071125.0
3409461,o3,"Rachnakar Colony, Aurangabad - MPCB",,19.863756,75.321188,12238193,µg/m³,2025-02-18 20:15:00+00:00,2026-09-17 14:30:00+00:00,2026-09-17T14:30:00Z,9.96,1070125.0
3409461,pm10,"Rachnakar Colony, Aurangabad - MPCB",,19.863756,75.321188,12238194,µg/m³,2025-02-18 20:15:00+00:00,2026-09-17 14:30:00+00:00,2026-09-17T14:30:00Z,54.8,1071725.0
3409461,pm25,"Rachnakar Colony, Aurangabad - MPCB",,19.863756,75.321188,12238195,µg/m³,2025-02-18 20:15:00+00:00,2026-09-17 14:30:00+00:00,2026-09-17T14:30:00Z,28.24,1071175.0
3409461,so2,"Rachnakar Colony, Aurangabad - MPCB",,19.863756,75.321188,12238197,ppb,2025-02-18 20:15:00+00:00,2026-09-17 14:30:00+00:00,2026-09-17T14:30:00Z,1.45,1070000.0
3409464,co,"Ambazari, Nagpur - MPCB",,21.121801,79.04952,12238208,ppb,2025-02-18 20:15:00+00:00,2026-09-17 14:30:00+00:00,2026-09-17T14:30:00Z,2.6,1132450.0
3409464,no2,"Ambazari, Nagpur - MPCB",,21.121801,79.04952,12238210,ppb,2025-02-18 20:15:00+00:00,2026-09-17 14:30:00+00:00,2026-09-17T14:30:00Z,30.47,1124875.0
3409464,o3,"Ambazari, Nagpur - MPCB",,21.121801,79.04952,12238211,µg/m³,2025-02-18 20:15:00+00:00,2026-09-17 14:30:00+00:00,2026-09-17T14:30:00Z,7.65,1131175.0
3409464,pm10,"Ambazari, Nagpur - MPCB",,21.121801,79.04952,12238212,µg/m³,2025-02-18 20:15:00+00:00,2026-09-17 14:30:00+00:00,2026-09-17T14:30:00Z,52.21,1131625.0
3409464,pm25,"Ambazari, Nagpur - MPCB",,21.121801,79.04952,12238213,µg/m³,2025-02-18 20:15:00+00:00,2026-09-17 14:30:00+00:00,2026-09-17T14:30:00Z,22.73,1134225.0
3409464,so2,"Ambazari, Nagpur - MPCB",,21.121801,79.04952,12238215,ppb,2025-02-18 20:15:00+00:00,2026-09-17 14:30:00+00:00,2026-09-17T14:30:00Z,8.24,1129750.0
3409469,co,"Kasarvadavali, Thane - MPCB",,19.26777,72.97182,12238253,ppb,2025-02-18 20:15:00+00:00,2026-09-17 14:30:00+00:00,2026-09-17T14:30:00Z,1.0,1102550.0
3409469,no2,"Kasarvadavali, Thane - MPCB",,19.26777,72.97182,12238255,ppb,2025-02-18 20:15:00+00:00,2026-09-17 14:30:00+00:00,2026-09-17T14:30:00Z,13.24,1076175.0
3409469,o3,"Kasarvadavali, Thane - MPCB",,19.26777,72.97182,12238256,µg/m³,2025-02-18 20:15:00+00:00,2026-09-17 14:30:00+00:00,2026-09-17T14:30:00Z,6.22,1101000.0
3409469,pm10,"Kasarvadavali, Thane - MPCB",,19.26777,72.97182,12238257,µg/m³,2025-02-18 20:15:00+00:00,2026-09-17 14:30:00+00:00,2026-09-17T14:30:00Z,56.53,1105625.0
3409469,pm25,"Kasarvadavali, Thane - MPCB",,19.26777,72.97182,12238258,µg/m³,2025-02-18 20:15:00+00:00,2026-09-17 14:30:00+00:00,2026-09-17T14:30:00Z,16.31,1105575.0
3409469,so2,"Kasarvadavali, Thane - MPCB",,19.26777,72.97182,12238260,ppb,2025-02-18 20:15:00+00:00,2026-09-17 14:30:00+00:00,2026-09-17T14:30:00Z,4.38,1095025.0
3409506,co,"CDA Area, Cuttack - OSPCB",,20.48891,85.84768,12238526,ppb,2025-02-18 20:45:00+00:00,2026-09-17 14:30:00+00:00,2026-09-17T14:30:00Z,0.31,1070275.0
3409506,no2,"CDA Area, Cuttack - OSPCB",,20.48891,85.84768,12238528,ppb,2025-02-18 20:45:00+00:00,2026-09-17 14:30:00+00:00,2026-09-17T14:30:00Z,12.0,1072575.0
3409506,o3,"CDA Area, Cuttack - OSPCB",,20.48891,85.84768,12238529,µg/m³,2025-02-18 20:15:00+00:00,2026-09-17 05:00:00+00:00,2026-09-17T05:00:00Z,47.9,1071300.0
3409506,pm10,"CDA Area, Cuttack - OSPCB",,20.48891,85.84768,12238530,µg/m³,2025-02-18 20:15:00+00:00,2026-09-17 14:30:00+00:00,2026-09-17T14:30:00Z,54.0,1077275.0
3409506,pm25,"CDA Area, Cuttack - OSPCB",,20.48891,85.84768,12238531,µg/m³,2025-02-18 20:15:00+00:00,2026-09-17 14:30:00+00:00,2026-09-17T14:30:00Z,25.0,1061750.0
3409506,so2,"CDA Area, Cuttack - OSPCB",,20.48891,85.84768,12238533,ppb,2025-02-18 20:45:00+00:00,2026-09-17 14:30:00+00:00,2026-09-17T14:30:00Z,8.8,1067525.0
3410003,co,"Police Line, Sri Vijaya Puram - ANPCC",,11.654054,92.734055,12238711,ppb,2025-02-18 20:15:00+00:00,2026-04-08 08:15:00+00:00,2026-04-08T08:15:00Z,0.33,284850.0
3410003,no2,"Police Line, Sri Vijaya Puram - ANPCC",,11.654054,92.734055,12238713,ppb,2025-02-18 20:15:00+00:00,2026-04-08 08:15:00+00:00,2026-04-08T08:15:00Z,7.82,283425.0
3410003,o3,"Police Line, Sri Vijaya Puram - ANPCC",,11.654054,92.734055,12238714,µg/m³,2025-02-18 20:15:00+00:00,2026-04-08 08:15:00+00:00,2026-04-08T08:15:00Z,1144.59,284625.0
3410003,pm10,"Police Line, Sri Vijaya Puram - ANPCC",,11.654054,92.734055,12238715,µg/m³,2025-02-18 20:15:00+00:00,2026-04-08 08:15:00+00:00,2026-04-08T08:15:00Z,25.82,286650.0
3410003,pm25,"Police Line, Sri Vijaya Puram - ANPCC",,11.654054,92.734055,12238716,µg/m³,2025-02-18 20:15:00+00:00,2026-04-08 08:15:00+00:00,2026-04-08T08:15:00Z,26.21,286525.0
3410003,so2,"Police Line, Sri Vijaya Puram - ANPCC",,11.654054,92.734055,12238718,ppb,2025-02-18 20:15:00+00:00,2026-04-08 08:15:00+00:00,2026-04-08T08:15:00Z,15.63,285100.0
6266793,co,"Ashta Vinayak Nagar, Hingoli - MPCB",,19.710842,77.151824,15645483,ppb,2026-03-10 07:45:00+00:00,2026-09-17 14:30:00+00:00,2026-09-17T14:30:00Z,0.38,380725.0
6266793,no2,"Ashta Vinayak Nagar, Hingoli - MPCB",,19.710842,77.151824,15645485,ppb,2026-03-10 07:45:00+00:00,2026-09-17 14:30:00+00:00,2026-09-17T14:30:00Z,6.4,379150.0
6266793,o3,"Ashta Vinayak Nagar, Hingoli - MPCB",,19.710842,77.151824,15645487,µg/m³,2026-03-10 07:45:00+00:00,2026-09-17 14:30:00+00:00,2026-09-17T14:30:00Z,32.9,374650.0
6266793,pm10,"Ashta Vinayak Nagar, Hingoli - MPCB",,19.710842,77.151824,15645488,µg/m³,2026-03-10 07:45:00+00:00,2026-09-17 14:30:00+00:00,2026-09-17T14:30:00Z,45.0,360875.0
6266793,pm25,"Ashta Vinayak Nagar, Hingoli - MPCB",,19.710842,77.151824,15645489,µg/m³,2026-03-10 07:45:00+00:00,2026-09-17 14:30:00+00:00,2026-09-17T14:30:00Z,12.0,361200.0
6266793,so2,"Ashta Vinayak Nagar, Hingoli - MPCB",,19.710842,77.151824,15645491,ppb,2026-03-10 07:45:00+00:00,2026-09-17 14:30:00+00:00,2026-09-17T14:30:00Z,3.5,365400.0
