station_id,station,locality,latitude,longitude,overlap_start,overlap_end,overlap_days
228352,"Shastripuram, Agra - UPPCB",,27.19862,77.92066,2025-02-18 20:15:00+00:00,2026-09-17 14:30:00+00:00,575.7604166666666
3409419,"Railway Colony, Barmer - RSPCB",,25.747299,71.393989,2025-02-18 20:15:00+00:00,2026-09-17 14:30:00+00:00,575.7604166666666
363601,"Girls College, Sivasagar - PCBA",,26.987634000000003,94.636574,2025-02-18 20:15:00+00:00,2026-09-17 14:30:00+00:00,575.7604166666666
5585,"Ashok Nagar, Udaipur - RSPCB",,24.5886166,73.6321397,2025-02-18 20:15:00+00:00,2026-09-17 14:30:00+00:00,575.7604166666666
227386,"B R Ambedkar University, Lucknow - UPPCB",,26.766433000000003,80.927299,2025-02-18 20:15:00+00:00,2026-09-17 14:30:00+00:00,575.7604166666666
3409396,"Nawapara SECL Colony, Chhal - CECB",,22.118125,83.140608,2025-02-18 20:15:00+00:00,2026-09-17 14:30:00+00:00,575.7604166666666
3409412,"Dhanmandi, Kota - RSPCB",,25.16409,75.858137,2025-02-18 20:15:00+00:00,2026-09-17 14:30:00+00:00,575.7604166666666
10907,"City Center, Gwalior - MPPCB",,26.203442,78.193251,2025-02-18 20:15:00+00:00,2026-09-17 14:30:00+00:00,575.7604166666666
10633,"Victoria, Kolkata - WBPCB",,22.5448082,88.3403691,2025-02-18 20:15:00+00:00,2026-09-17 14:30:00+00:00,575.7604166666666
8245,"Gole Bazar, Katni - MPPCB",,23.50016,80.23284,2025-02-18 20:15:00+00:00,2026-09-17 14:30:00+00:00,575.7604166666666
346258,"Kokapet, Hyderabad - TSPCB",,17.393559,78.33919399999999,2025-02-18 20:15:00+00:00,2026-09-17 14:30:00+00:00,575.7604166666666
270777,"Jigar Colony, Moradabad - UPPCB",,28.856664,78.772638,2025-02-18 20:15:00+00:00,2026-09-17 14:30:00+00:00,575.7604166666666
3409422,"Indra Nagar, Jhunjhunu - RSPCB",,28.108988,75.386577,2025-02-18 20:15:00+00:00,2026-09-17 14:30:00+00:00,575.7604166666666
3409431,"Digari Kalan, Jodhpur - RSPCB",,26.295809999999996,73.08228299999999,2025-02-18 20:15:00+00:00,2026-09-17 14:30:00+00:00,575.7604166666666
3409461,"Rachnakar Colony, Aurangabad - MPCB",,19.863756,75.321188,2025-02-18 20:15:00+00:00,2026-09-17 14:30:00+00:00,575.7604166666666
5667,"Bhopal Chauraha, Dewas - MPPCB",,22.9682591,76.064118,2025-02-18 20:15:00+00:00,2026-09-17 14:30:00+00:00,575.7604166666666
3409464,"Ambazari, Nagpur - MPCB",,21.121801,79.04952,2025-02-18 20:15:00+00:00,2026-09-17 14:30:00+00:00,575.7604166666666
5648,"Ward-32 Bapupara, Siliguri - WBPCB",,26.6883049,88.412668,2025-02-18 20:15:00+00:00,2026-09-17 14:30:00+00:00,575.7604166666666
5613,"ITO, New Delhi - CPCB",,28.628624,77.24106,2025-02-18 20:15:00+00:00,2026-09-17 14:30:00+00:00,575.7604166666666
5602,"Asansol Court Area, Asansol - WBPCB",,23.685297,86.945968,2025-02-18 20:15:00+00:00,2026-09-17 14:30:00+00:00,575.7604166666666
3409469,"Kasarvadavali, Thane - MPCB",,19.26777,72.97182,2025-02-18 20:15:00+00:00,2026-09-17 14:30:00+00:00,575.7604166666666
5628,"GVM Corporation, Visakhapatnam - APPCB",,17.722682,83.308197,2025-02-18 20:15:00+00:00,2026-09-17 14:15:00+00:00,575.75
11582,"Stuart Hill, Madikeri - KSPCB",,12.415911,75.73505,2025-02-18 20:15:00+00:00,2026-09-17 14:15:00+00:00,575.75
7495,"DRM Office Danapur, Patna - BSPCB",,25.586562,85.043586,2025-02-18 20:15:00+00:00,2026-09-17 14:15:00+00:00,575.75
3409418,"Khatikan Mohalla, Dausa - RSPCB",,26.895552,76.334753,2025-02-18 20:15:00+00:00,2026-09-17 14:00:00+00:00,575.7395833333334
229728,"Kamalnath Nagar, Bettiah - BSPCB",,26.80365,84.51954,2025-02-18 20:15:00+00:00,2026-09-17 14:00:00+00:00,575.7395833333334
3409361,"AIIMS, Raipur - CECB",,21.258815,81.578979,2025-02-18 20:15:00+00:00,2026-09-17 13:45:00+00:00,575.7291666666666
3409376,"Central Academy for SFS, Byrnihat - PCBA",,26.071318,91.87488,2025-02-18 21:30:00+00:00,2026-09-17 14:30:00+00:00,575.7083333333334
5542,"Civil Line, Jalandhar - PPCB",,31.321907,75.578914,2025-02-18 20:15:00+00:00,2026-09-17 13:00:00+00:00,575.6979166666666
270721,"Mayaganj, Bhagalpur - BSPCB",,25.265194,87.012947,2025-02-18 20:15:00+00:00,2026-09-17 13:00:00+00:00,575.6979166666666
5590,"Ardhali Bazar, Varanasi - UPPCB",,25.3505986,82.9083074,2025-02-18 20:15:00+00:00,2026-09-17 10:45:00+00:00,575.6041666666666
227534,"Gyaspur, Ahmedabad - IITM",,22.977134,72.553024,2025-02-18 20:15:00+00:00,2026-09-17 07:30:00+00:00,575.46875
3409506,"CDA Area, Cuttack - OSPCB",,20.48891,85.84768,2025-02-18 20:45:00+00:00,2026-09-17 05:00:00+00:00,575.34375
5649,"Tirumala, Tirupati - APPCB",,13.67,79.35,2025-02-19 08:45:00+00:00,2026-09-17 14:30:00+00:00,575.2395833333334
220265,"Rajbagh, Srinagar - JKSPCB",,34.06621,74.81982,2025-02-20 05:45:00+00:00,2026-09-17 14:30:00+00:00,574.3645833333334
3409380,"Tata Township, Bileipada - OSPCB",,22.06156703,85.47409613,2025-02-18 20:15:00+00:00,2026-09-15 06:45:00+00:00,573.4375
6984,"Hebbal, Bengaluru - KSPCB",,13.029152,77.585901,2025-02-18 20:30:00+00:00,2026-09-11 11:00:00+00:00,569.6041666666666
11579,"Kodungaiyur, Chennai - TNPCB",,13.1278,80.2642,2025-02-18 20:15:00+00:00,2026-09-10 13:30:00+00:00,568.71875
3409392,"Kanuru, Vijayawada - APPCB",,16.486692,80.69943599999999,2025-02-18 20:15:00+00:00,2026-08-03 10:15:00+00:00,530.5833333333334
6955,"Lal Bahadur Shastri Nagar, Kalaburagi - KSPCB",,17.321993,76.822628,2025-03-13 04:00:00+00:00,2026-08-21 17:15:00+00:00,526.5520833333334
10915,"Polayathode, Kollam - Kerala PCB",,8.8787,76.6073,2025-02-19 07:30:00+00:00,2026-07-18 10:30:00+00:00,514.125
3410003,"Police Line, Sri Vijaya Puram - ANPCC",,11.654054,92.734055,2025-02-18 20:15:00+00:00,2026-04-08 08:15:00+00:00,413.5
358448,"Kumaran College, Tirupur - TNPCB",,11.0973603,77.3228673,2025-02-20 14:30:00+00:00,2026-04-08 06:00:00+00:00,411.6458333333333
6964,"Patti Mehar, Ambala - HSPCB",,30.379589,76.778328,2025-10-01 06:30:00+00:00,2026-09-17 14:30:00+00:00,351.3333333333333
6969,"Huda Sector, Fatehabad - HSPCB",,29.503664,75.467934,2025-10-11 09:30:00+00:00,2026-09-17 01:30:00+00:00,340.6666666666667
3409345,"Parisutham Nagar, Thanjavur - TNPCB",,10.7654824,79.1389968,2025-02-18 20:15:00+00:00,2025-11-07 10:15:00+00:00,261.5833333333333
6982,"Deshpande Nagar, Hubballi - KSPCB",,15.351773,75.140726,2025-02-18 20:15:00+00:00,2025-10-29 08:00:00+00:00,252.48958333333334
6266793,"Ashta Vinayak Nagar, Hingoli - MPCB",,19.710842,77.151824,2026-03-10 07:45:00+00:00,2026-09-17 14:30:00+00:00,191.28125
