station_id,station,locality,latitude,longitude,datetime_first,datetime_last,has_pm25,has_pm10,has_no2,has_so2,has_co,has_o3,all_six_pollutants,cluster,distance_to_center
10915,"Polayathode, Kollam - Kerala PCB",,8.8787,76.6073,2020-03-03T06:30:00Z,2026-08-21 09:15:00+00:00,True,True,True,True,True,True,True,32,0.7371792181371106
3409345,"Parisutham Nagar, Thanjavur - TNPCB",,10.7654824,79.1389968,2025-02-18T20:15:00Z,2026-03-11 10:00:00+00:00,True,True,True,True,True,True,True,44,0.5147306314745591
358448,"Kumaran College, Tirupur - TNPCB",,11.0973603,77.3228673,2022-09-13T11:00:00Z,2026-04-14 23:45:00+00:00,True,True,True,True,True,True,True,16,0.06573923232276234
3410003,"Police Line, Sri Vijaya Puram - ANPCC",,11.654054,92.734055,2025-02-18T20:15:00Z,2026-04-08 08:15:00+00:00,True,True,True,True,True,True,True,13,0.0
11582,"Stuart Hill, Madikeri - KSPCB",,12.415911,75.73505,2020-11-08T14:00:00Z,2026-09-17 14:30:00+00:00,True,True,True,True,True,True,True,28,0.4889191042687018
6984,"Hebbal, Bengaluru - KSPCB",,13.029152,77.585901,2018-08-10T06:00:00Z,2026-09-17 14:30:00+00:00,True,True,True,True,True,True,True,6,0.07151499601359246
11579,"Kodungaiyur, Chennai - TNPCB",,13.1278,80.2642,2020-11-08T14:00:00Z,2026-09-10 13:30:00+00:00,True,True,True,True,True,True,True,25,0.05327787869341667
5649,"Tirumala, Tirupati - APPCB",,13.67,79.35,2018-03-09T06:00:00Z,2026-09-17 14:30:00+00:00,True,True,True,True,True,True,True,46,0.2096889415957833
6982,"Deshpande Nagar, Hubballi - KSPCB",,15.351773,75.140726,2025-02-18T20:15:00Z,2026-04-07 06:00:00+00:00,True,True,True,True,True,True,True,10,0.13835171332255192
3409392,"Kanuru, Vijayawada - APPCB",,16.486692,80.69943599999999,2025-02-18T20:15:00Z,2026-08-03 10:15:00+00:00,True,True,True,True,True,True,True,17,0.1364195876831165
6955,"Lal Bahadur Shastri Nagar, Kalaburagi - KSPCB",,17.321993,76.822628,2018-08-14T02:00:00Z,2026-09-17 06:45:00+00:00,True,True,True,True,True,True,True,33,0.18333681638999236
346258,"Kokapet, Hyderabad - TSPCB",,17.393559,78.33919399999999,2022-06-02T08:00:00Z,2026-09-17 14:30:00+00:00,True,True,True,True,True,True,True,1,0.0424635063699559
6314877,"Koyana Nagar, Satara - MPCB",,17.696651,74.003387,2026-04-20T13:15:00Z,2026-09-17 14:30:00+00:00,True,True,True,True,True,True,True,45,0.2554407720989234
5628,"GVM Corporation, Visakhapatnam - APPCB",,17.722682,83.308197,2018-03-09T06:00:00Z,2026-09-17 14:30:00+00:00,True,True,True,True,True,True,True,42,0.1751744192667643
3409469,"Kasarvadavali, Thane - MPCB",,19.26777,72.97182,2025-02-18T20:15:00Z,2026-09-17 14:30:00+00:00,True,True,True,True,True,True,True,3,0.039543060522438084
6266793,"Ashta Vinayak Nagar, Hingoli - MPCB",,19.710842,77.151824,2026-03-10T07:45:00Z,2026-09-17 14:30:00+00:00,True,True,True,True,True,True,True,38,0.43781935204433103
3409461,"Rachnakar Colony, Aurangabad - MPCB",,19.863756,75.321188,2025-02-18T20:15:00Z,2026-09-17 14:30:00+00:00,True,True,True,True,True,True,True,19,0.1552944295712022
3409506,"CDA Area, Cuttack - OSPCB",,20.48891,85.84768,2025-02-18T20:15:00Z,2026-09-17 14:30:00+00:00,True,True,True,True,True,True,True,7,0.2219401021653725
3409464,"Ambazari, Nagpur - MPCB",,21.121801,79.04952,2025-02-18T20:15:00Z,2026-09-17 14:30:00+00:00,True,True,True,True,True,True,True,30,0.38025276872428615
3409361,"AIIMS, Raipur - CECB",,21.258815,81.578979,2025-02-18T20:15:00Z,2026-09-17 14:30:00+00:00,True,True,True,True,True,True,True,9,0.060616210101942194
3409380,"Tata Township, Bileipada - OSPCB",,22.06156703,85.47409613,2025-02-18T20:15:00Z,2026-09-17 14:30:00+00:00,True,True,True,True,True,True,True,31,0.09392259766634724
3409396,"Nawapara SECL Colony, Chhal - CECB",,22.118125,83.140608,2025-02-18T20:15:00Z,2026-09-17 14:30:00+00:00,True,True,True,True,True,True,True,20,0.09454016691870613
10633,"Victoria, Kolkata - WBPCB",,22.5448082,88.3403691,2018-04-15T22:45:00Z,2026-09-17 14:30:00+00:00,True,True,True,True,True,True,True,12,0.011055144545877022
5667,"Bhopal Chauraha, Dewas - MPPCB",,22.9682591,76.064118,2018-03-09T06:00:00Z,2026-09-17 14:30:00+00:00,True,True,True,True,True,True,True,14,0.2935591290030185
227534,"Gyaspur, Ahmedabad - IITM",,22.977134,72.553024,2021-06-04T17:30:00Z,2026-09-17 14:30:00+00:00,True,True,True,True,True,True,True,23,0.2220077359276774
8245,"Gole Bazar, Katni - MPPCB",,23.50016,80.23284,2020-01-07T10:00:00Z,2026-09-17 14:30:00+00:00,True,True,True,True,True,True,True,21,0.28667534820277096
5602,"Asansol Court Area, Asansol - WBPCB",,23.685297,86.945968,2018-03-09T05:30:00Z,2026-09-17 14:30:00+00:00,True,True,True,True,True,True,True,36,0.0650879740498382
3409327,"Kunjaban, Agartala - Tripura SPCB",,23.8628276,91.2887362,2026-05-30T11:00:00Z,2026-05-30 11:00:00+00:00,True,True,True,True,True,True,True,37,0.7555194813900995
5585,"Ashok Nagar, Udaipur - RSPCB",,24.5886166,73.6321397,2018-03-09T22:30:00Z,2026-09-17 14:30:00+00:00,True,True,True,True,True,True,True,5,0.44181494727303283
3409412,"Dhanmandi, Kota - RSPCB",,25.16409,75.858137,2025-02-18T20:15:00Z,2026-09-17 14:30:00+00:00,True,True,True,True,True,True,True,34,0.1264916414632027
270721,"Mayaganj, Bhagalpur - BSPCB",,25.265194,87.012947,2021-11-22T17:15:00Z,2026-09-17 14:30:00+00:00,True,True,True,True,True,True,True,4,0.32689292362948064
5590,"Ardhali Bazar, Varanasi - UPPCB",,25.3505986,82.9083074,2018-03-09T06:00:00Z,2026-09-17 14:30:00+00:00,True,True,True,True,True,True,True,8,0.412575636956149
7495,"DRM Office Danapur, Patna - BSPCB",,25.586562,85.043586,2020-03-02T10:00:00Z,2026-09-17 14:30:00+00:00,True,True,True,True,True,True,True,22,0.13689462857917958
3409419,"Railway Colony, Barmer - RSPCB",,25.747299,71.393989,2025-02-18T20:15:00Z,2026-09-17 14:30:00+00:00,True,True,True,True,True,True,True,39,0.6309410239754976
3409376,"Central Academy for SFS, Byrnihat - PCBA",,26.071318,91.87488,2025-02-18T20:15:00Z,2026-09-17 14:30:00+00:00,True,True,True,True,True,True,True,2,0.03019085725410734
10907,"City Center, Gwalior - MPPCB",,26.203442,78.193251,2020-02-03T09:00:00Z,2026-09-17 14:30:00+00:00,True,True,True,True,True,True,True,47,0.19924574742403112
3409431,"Digari Kalan, Jodhpur - RSPCB",,26.295809999999996,73.08228299999999,2025-02-18T20:15:00Z,2026-09-17 14:30:00+00:00,True,True,True,True,True,True,True,26,0.23709486358530496
5648,"Ward-32 Bapupara, Siliguri - WBPCB",,26.6883049,88.412668,2018-03-09T05:30:00Z,2026-09-17 14:30:00+00:00,True,True,True,True,True,True,True,43,0.09246216504671403
227386,"B R Ambedkar University, Lucknow - UPPCB",,26.766433000000003,80.927299,2021-06-02T18:00:00Z,2026-09-17 14:30:00+00:00,True,True,True,True,True,True,True,11,0.17067188158887703
229728,"Kamalnath Nagar, Bettiah - BSPCB",,26.80365,84.51954,2021-07-17T22:00:00Z,2026-09-17 14:30:00+00:00,True,True,True,True,True,True,True,49,0.18298455192684943
3409418,"Khatikan Mohalla, Dausa - RSPCB",,26.895552,76.334753,2025-02-18T20:15:00Z,2026-09-17 14:30:00+00:00,True,True,True,True,True,True,True,24,0.1728074770868126
363601,"Girls College, Sivasagar - PCBA",,26.987634000000003,94.636574,2022-09-29T13:00:00Z,2026-09-17 14:30:00+00:00,True,True,True,True,True,True,True,29,0.6406360206137837
228352,"Shastripuram, Agra - UPPCB",,27.19862,77.92066,2021-06-20T21:00:00Z,2026-09-17 14:30:00+00:00,True,True,True,True,True,True,True,18,0.02451359379928778
3409422,"Indra Nagar, Jhunjhunu - RSPCB",,28.108988,75.386577,2025-02-18T20:15:00Z,2026-09-17 14:30:00+00:00,True,True,True,True,True,True,True,48,0.09201798289600835
5613,"ITO, New Delhi - CPCB",,28.628624,77.24106,2018-03-09T05:30:00Z,2026-09-17 14:30:00+00:00,True,True,True,True,True,True,True,0,0.011677520720805998
270777,"Jigar Colony, Moradabad - UPPCB",,28.856664,78.772638,2021-12-18T08:00:00Z,2026-09-17 14:30:00+00:00,True,True,True,True,True,True,True,27,0.053584791143947284
6969,"Huda Sector, Fatehabad - HSPCB",,29.503664,75.467934,2019-02-13T00:15:00Z,2026-09-17 14:30:00+00:00,True,True,True,True,True,True,True,35,0.2254539486064182
6964,"Patti Mehar, Ambala - HSPCB",,30.379589,76.778328,2019-02-13T00:15:00Z,2026-09-17 14:30:00+00:00,True,True,True,True,True,True,True,40,0.026663476019120263
5542,"Civil Line, Jalandhar - PPCB",,31.321907,75.578914,2018-03-09T04:00:00Z,2026-09-17 14:30:00+00:00,True,True,True,True,True,True,True,15,0.16265327979478536
220265,"Rajbagh, Srinagar - JKSPCB",,34.06621,74.81982,2021-02-09T07:00:00Z,2026-09-17 14:30:00+00:00,True,True,True,True,True,True,True,41,0.0
