station_id,station,locality,latitude,longitude,sensor_id,pollutant,units,datetime_first,datetime_last,latest_datetime,latest_value,coverage_percent
10915,"Polayathode, Kollam - Kerala PCB",,8.8787,76.6073,36624,co,µg/m³,2020-03-03T06:30:00Z,2022-10-16T15:45:00Z,2022-10-16T15:45:00Z,650.0,303825.0
10915,"Polayathode, Kollam - Kerala PCB",,8.8787,76.6073,36655,pm25,µg/m³,2020-03-03T06:30:00Z,2022-10-16T15:45:00Z,2022-10-16T15:45:00Z,27.03,303575.0
10915,"Polayathode, Kollam - Kerala PCB",,8.8787,76.6073,36653,pm10,µg/m³,2020-03-03T06:30:00Z,2022-10-16T15:45:00Z,2022-10-16T15:45:00Z,40.39,303950.0
10915,"Polayathode, Kollam - Kerala PCB",,8.8787,76.6073,36650,o3,µg/m³,2020-03-03T06:30:00Z,2022-10-16T15:45:00Z,2022-10-16T15:45:00Z,25.01,303875.0
10915,"Polayathode, Kollam - Kerala PCB",,8.8787,76.6073,36656,so2,µg/m³,2020-03-03T06:30:00Z,2022-10-16T15:45:00Z,2022-10-16T15:45:00Z,4.49,303800.0
10915,"Polayathode, Kollam - Kerala PCB",,8.8787,76.6073,36643,no2,µg/m³,2020-03-03T06:30:00Z,2022-10-16T15:45:00Z,2022-10-16T15:45:00Z,5.1,303750.0
10915,"Polayathode, Kollam - Kerala PCB",,8.8787,76.6073,12242978,co,ppb,2025-02-19T07:30:00Z,2026-08-21T09:15:00Z,2026-08-21T09:15:00Z,0.28,664025.0
10915,"Polayathode, Kollam - Kerala PCB",,8.8787,76.6073,12242980,no2,ppb,2025-02-19T07:30:00Z,2026-08-21T09:15:00Z,2026-08-21T09:15:00Z,7.56,663775.0
10915,"Polayathode, Kollam - Kerala PCB",,8.8787,76.6073,12242982,pm10,µg/m³,2025-02-19T07:30:00Z,2026-08-21T09:15:00Z,2026-08-21T09:15:00Z,41.12,664525.0
10915,"Polayathode, Kollam - Kerala PCB",,8.8787,76.6073,12242983,pm25,µg/m³,2025-02-19T07:30:00Z,2026-08-21T09:15:00Z,2026-08-21T09:15:00Z,25.93,662800.0
10915,"Polayathode, Kollam - Kerala PCB",,8.8787,76.6073,12242981,o3,µg/m³,2025-02-19T07:30:00Z,2026-07-18T10:30:00Z,2026-07-18T10:30:00Z,35.84,604750.0
10915,"Polayathode, Kollam - Kerala PCB",,8.8787,76.6073,12242985,so2,ppb,2025-02-19T07:30:00Z,2026-08-21T09:15:00Z,2026-08-21T09:15:00Z,2.2,663725.0
3409345,"Parisutham Nagar, Thanjavur - TNPCB",,10.7654824,79.1389968,12237201,co,ppb,2025-02-18T20:15:00Z,2025-11-07T10:15:00Z,2025-11-07T10:15:00Z,0.17,152350.0
3409345,"Parisutham Nagar, Thanjavur - TNPCB",,10.7654824,79.1389968,12237204,o3,µg/m³,2025-02-18T20:15:00Z,2025-11-07T10:15:00Z,2025-11-07T10:15:00Z,18.44,153425.0
3409345,"Parisutham Nagar, Thanjavur - TNPCB",,10.7654824,79.1389968,12237206,pm25,µg/m³,2025-02-18T20:15:00Z,2026-02-19T15:15:00Z,2026-02-19T15:15:00Z,444.25,165650.0
3409345,"Parisutham Nagar, Thanjavur - TNPCB",,10.7654824,79.1389968,12237208,so2,ppb,2025-02-18T20:15:00Z,2026-03-11T10:00:00Z,2026-03-11T10:00:00Z,13.36,160025.0
3409345,"Parisutham Nagar, Thanjavur - TNPCB",,10.7654824,79.1389968,12237205,pm10,µg/m³,2025-02-18T20:15:00Z,2026-02-20T06:30:00Z,2026-02-20T06:30:00Z,985.0,580325.0
3409345,"Parisutham Nagar, Thanjavur - TNPCB",,10.7654824,79.1389968,12237203,no2,ppb,2025-02-18T20:15:00Z,2026-02-19T15:15:00Z,2026-02-19T15:15:00Z,2.36,155400.0
358448,"Kumaran College, Tirupur - TNPCB",,11.0973603,77.3228673,12255215,o3,µg/m³,2025-02-20T14:30:00Z,2026-04-14T23:45:00Z,2026-04-14T23:45:00Z,0.25,523850.0
358448,"Kumaran College, Tirupur - TNPCB",,11.0973603,77.3228673,12237177,no2,ppb,2025-02-18T20:15:00Z,2026-04-14T23:45:00Z,2026-04-14T23:45:00Z,3.32,537350.0
358448,"Kumaran College, Tirupur - TNPCB",,11.0973603,77.3228673,12237181,so2,ppb,2025-02-18T20:15:00Z,2026-04-14T23:45:00Z,2026-04-14T23:45:00Z,28.7,543400.0
358448,"Kumaran College, Tirupur - TNPCB",,11.0973603,77.3228673,12237175,co,ppb,2025-02-18T20:15:00Z,2026-04-14T23:45:00Z,2026-04-14T23:45:00Z,3.03,540125.0
358448,"Kumaran College, Tirupur - TNPCB",,11.0973603,77.3228673,12237178,pm10,µg/m³,2025-02-18T20:15:00Z,2026-04-08T06:00:00Z,2026-04-08T06:00:00Z,3573.0,549550.0
358448,"Kumaran College, Tirupur - TNPCB",,11.0973603,77.3228673,12237179,pm25,µg/m³,2025-02-18T20:15:00Z,2026-04-14T23:45:00Z,2026-04-14T23:45:00Z,40.0,548425.0
358448,"Kumaran College, Tirupur - TNPCB",,11.0973603,77.3228673,2028392,no2,µg/m³,2022-09-13T11:00:00Z,2022-10-16T15:45:00Z,2022-10-16T15:45:00Z,33.36,13400.0
358448,"Kumaran College, Tirupur - TNPCB",,11.0973603,77.3228673,2028391,pm25,µg/m³,2022-09-13T11:00:00Z,2022-10-16T15:45:00Z,2022-10-16T15:45:00Z,16.44,13725.0
358448,"Kumaran College, Tirupur - TNPCB",,11.0973603,77.3228673,2028394,pm10,µg/m³,2022-09-13T11:00:00Z,2022-10-16T15:45:00Z,2022-10-16T15:45:00Z,76.5,13800.0
358448,"Kumaran College, Tirupur - TNPCB",,11.0973603,77.3228673,2028393,co,µg/m³,2022-09-13T11:00:00Z,2022-10-16T15:45:00Z,2022-10-16T15:45:00Z,1010.0,13500.0
358448,"Kumaran College, Tirupur - TNPCB",,11.0973603,77.3228673,2028389,o3,µg/m³,2022-09-13T11:00:00Z,2022-10-16T15:45:00Z,2022-10-16T15:45:00Z,7.48,13575.0
358448,"Kumaran College, Tirupur - TNPCB",,11.0973603,77.3228673,2028390,so2,µg/m³,2022-09-13T11:00:00Z,2022-10-16T15:45:00Z,2022-10-16T15:45:00Z,15.14,13650.0
3410003,"Police Line, Sri Vijaya Puram - ANPCC",,11.654054,92.734055,12238714,o3,µg/m³,2025-02-18T20:15:00Z,2026-04-08T08:15:00Z,2026-04-08T08:15:00Z,1144.59,284625.0
3410003,"Police Line, Sri Vijaya Puram - ANPCC",,11.654054,92.734055,12238718,so2,ppb,2025-02-18T20:15:00Z,2026-04-08T08:15:00Z,2026-04-08T08:15:00Z,15.63,285100.0
3410003,"Police Line, Sri Vijaya Puram - ANPCC",,11.654054,92.734055,12238711,co,ppb,2025-02-18T20:15:00Z,2026-04-08T08:15:00Z,2026-04-08T08:15:00Z,0.33,284850.0
3410003,"Police Line, Sri Vijaya Puram - ANPCC",,11.654054,92.734055,12238713,no2,ppb,2025-02-18T20:15:00Z,2026-04-08T08:15:00Z,2026-04-08T08:15:00Z,7.82,283425.0
3410003,"Police Line, Sri Vijaya Puram - ANPCC",,11.654054,92.734055,12238716,pm25,µg/m³,2025-02-18T20:15:00Z,2026-04-08T08:15:00Z,2026-04-08T08:15:00Z,26.21,286525.0
3410003,"Police Line, Sri Vijaya Puram - ANPCC",,11.654054,92.734055,12238715,pm10,µg/m³,2025-02-18T20:15:00Z,2026-04-08T08:15:00Z,2026-04-08T08:15:00Z,25.82,286650.0
11582,"Stuart Hill, Madikeri - KSPCB",,12.415911,75.73505,12236350,o3,µg/m³,2025-02-18T20:15:00Z,2026-09-17T14:15:00Z,2026-09-17T14:15:00Z,2.01,1054175.0
11582,"Stuart Hill, Madikeri - KSPCB",,12.415911,75.73505,12236354,so2,ppb,2025-02-18T20:15:00Z,2026-09-17T14:30:00Z,2026-09-17T14:30:00Z,5.7,1070275.0
11582,"Stuart Hill, Madikeri - KSPCB",,12.415911,75.73505,12236351,pm10,µg/m³,2025-02-18T20:15:00Z,2026-09-17T14:30:00Z,2026-09-17T14:30:00Z,11.0,1057675.0
11582,"Stuart Hill, Madikeri - KSPCB",,12.415911,75.73505,12236352,pm25,µg/m³,2025-02-18T20:15:00Z,2026-09-17T14:30:00Z,2026-09-17T14:30:00Z,1.0,1051900.0
11582,"Stuart Hill, Madikeri - KSPCB",,12.415911,75.73505,12236347,co,ppb,2025-02-18T20:15:00Z,2026-09-17T14:30:00Z,2026-09-17T14:30:00Z,0.01,656550.0
11582,"Stuart Hill, Madikeri - KSPCB",,12.415911,75.73505,12236349,no2,ppb,2025-02-18T20:15:00Z,2026-09-17T14:30:00Z,2026-09-17T14:30:00Z,1.9,502800.0
11582,"Stuart Hill, Madikeri - KSPCB",,12.415911,75.73505,39340,no2,µg/m³,2020-11-08T14:00:00Z,2022-10-16T16:00:00Z,2022-10-16T16:00:00Z,4.8,211100.0
11582,"Stuart Hill, Madikeri - KSPCB",,12.415911,75.73505,39341,so2,µg/m³,2020-11-08T14:00:00Z,2022-10-16T16:00:00Z,2022-10-16T16:00:00Z,14.6,202900.0
11582,"Stuart Hill, Madikeri - KSPCB",,12.415911,75.73505,39343,o3,µg/m³,2020-11-08T14:00:00Z,2022-10-16T16:00:00Z,2022-10-16T16:00:00Z,20.71,199475.0
11582,"Stuart Hill, Madikeri - KSPCB",,12.415911,75.73505,39339,pm10,µg/m³,2020-11-08T14:00:00Z,2022-10-16T16:00:00Z,2022-10-16T16:00:00Z,11.0,216350.0
11582,"Stuart Hill, Madikeri - KSPCB",,12.415911,75.73505,39338,pm25,µg/m³,2020-11-08T14:00:00Z,2022-10-16T16:00:00Z,2022-10-16T16:00:00Z,11.0,216425.0
11582,"Stuart Hill, Madikeri - KSPCB",,12.415911,75.73505,39342,co,µg/m³,2020-11-08T14:00:00Z,2022-10-16T16:00:00Z,2022-10-16T16:00:00Z,200.0,200200.0
6984,"Hebbal, Bengaluru - KSPCB",,13.029152,77.585901,12235251,so2,ppb,2025-02-18T20:30:00Z,2026-09-11T11:00:00Z,2026-09-11T11:00:00Z,1.1,890075.0
6984,"Hebbal, Bengaluru - KSPCB",,13.029152,77.585901,12235248,pm10,µg/m³,2025-02-18T20:15:00Z,2026-09-17T14:30:00Z,2026-09-17T14:30:00Z,30.0,1047750.0
6984,"Hebbal, Bengaluru - KSPCB",,13.029152,77.585901,12235244,co,ppb,2025-02-18T20:15:00Z,2026-09-17T14:30:00Z,2026-09-17T14:30:00Z,0.32,806975.0
6984,"Hebbal, Bengaluru - KSPCB",,13.029152,77.585901,12235247,o3,µg/m³,2025-02-18T20:15:00Z,2026-09-17T14:30:00Z,2026-09-17T14:30:00Z,4.0,1034875.0
6984,"Hebbal, Bengaluru - KSPCB",,13.029152,77.585901,12235246,no2,ppb,2025-02-18T20:15:00Z,2026-09-17T14:30:00Z,2026-09-17T14:30:00Z,14.4,932250.0
6984,"Hebbal, Bengaluru - KSPCB",,13.029152,77.585901,12235249,pm25,µg/m³,2025-02-18T20:15:00Z,2026-09-17T14:30:00Z,2026-09-17T14:30:00Z,12.0,971900.0
6984,"Hebbal, Bengaluru - KSPCB",,13.029152,77.585901,20212,pm25,µg/m³,2018-08-10T06:00:00Z,2022-10-31T02:00:00Z,2022-10-31T02:00:00Z,67.0,843325.0
6984,"Hebbal, Bengaluru - KSPCB",,13.029152,77.585901,20224,co,µg/m³,2018-08-10T06:00:00Z,2022-10-31T02:00:00Z,2022-10-31T02:00:00Z,610.0,764925.0
6984,"Hebbal, Bengaluru - KSPCB",,13.029152,77.585901,20210,so2,µg/m³,2018-08-10T06:00:00Z,2022-10-31T02:00:00Z,2022-10-31T02:00:00Z,3.2,784525.0
6984,"Hebbal, Bengaluru - KSPCB",,13.029152,77.585901,20222,no2,µg/m³,2018-08-10T06:00:00Z,2022-10-31T02:00:00Z,2022-10-31T02:00:00Z,26.5,801775.0
6984,"Hebbal, Bengaluru - KSPCB",,13.029152,77.585901,20213,pm10,µg/m³,2018-08-10T06:00:00Z,2022-10-31T02:00:00Z,2022-10-31T02:00:00Z,94.0,845325.0
6984,"Hebbal, Bengaluru - KSPCB",,13.029152,77.585901,20221,o3,µg/m³,2018-08-10T06:00:00Z,2022-10-31T02:00:00Z,2022-10-31T02:00:00Z,17.07,805175.0
11579,"Kodungaiyur, Chennai - TNPCB",,13.1278,80.2642,12236303,co,ppb,2025-02-18T20:15:00Z,2026-09-10T13:30:00Z,2026-09-10T13:30:00Z,0.6,969650.0
11579,"Kodungaiyur, Chennai - TNPCB",,13.1278,80.2642,12236310,so2,ppb,2025-02-18T20:15:00Z,2026-09-10T13:30:00Z,2026-09-10T13:30:00Z,4.86,1009075.0
11579,"Kodungaiyur, Chennai - TNPCB",,13.1278,80.2642,12236307,pm10,µg/m³,2025-02-18T20:15:00Z,2026-09-10T13:30:00Z,2026-09-10T13:30:00Z,90.0,1044750.0
11579,"Kodungaiyur, Chennai - TNPCB",,13.1278,80.2642,12236305,no2,ppb,2025-02-18T20:15:00Z,2026-09-10T13:30:00Z,2026-09-10T13:30:00Z,12.12,1047625.0
11579,"Kodungaiyur, Chennai - TNPCB",,13.1278,80.2642,12236308,pm25,µg/m³,2025-02-18T20:15:00Z,2026-09-10T13:30:00Z,2026-09-10T13:30:00Z,45.0,1034975.0
11579,"Kodungaiyur, Chennai - TNPCB",,13.1278,80.2642,12236306,o3,µg/m³,2025-02-18T20:15:00Z,2026-09-10T13:30:00Z,2026-09-10T13:30:00Z,33.22,1045350.0
11579,"Kodungaiyur, Chennai - TNPCB",,13.1278,80.2642,39330,co,µg/m³,2020-11-08T14:00:00Z,2022-10-16T16:00:00Z,2022-10-16T16:00:00Z,230.0,181500.0
11579,"Kodungaiyur, Chennai - TNPCB",,13.1278,80.2642,39331,o3,µg/m³,2020-11-08T14:00:00Z,2022-10-16T16:00:00Z,2022-10-16T16:00:00Z,15.68,191950.0
11579,"Kodungaiyur, Chennai - TNPCB",,13.1278,80.2642,39327,pm10,µg/m³,2020-11-08T14:00:00Z,2022-10-16T16:00:00Z,2022-10-16T16:00:00Z,27.0,204300.0
11579,"Kodungaiyur, Chennai - TNPCB",,13.1278,80.2642,39329,so2,µg/m³,2020-11-08T14:00:00Z,2022-10-16T16:00:00Z,2022-10-16T16:00:00Z,1.8,176125.0
11579,"Kodungaiyur, Chennai - TNPCB",,13.1278,80.2642,39326,pm25,µg/m³,2020-11-08T14:00:00Z,2022-10-16T16:00:00Z,2022-10-16T16:00:00Z,10.0,163125.0
11579,"Kodungaiyur, Chennai - TNPCB",,13.1278,80.2642,39328,no2,µg/m³,2020-11-08T14:00:00Z,2022-10-16T16:00:00Z,2022-10-16T16:00:00Z,5.5,204525.0
5649,"Tirumala, Tirupati - APPCB",,13.67,79.35,12243924,pm10,µg/m³,2025-02-19T08:45:00Z,2026-09-17T14:30:00Z,2026-09-17T14:30:00Z,24.0,1115025.0
5649,"Tirumala, Tirupati - APPCB",,13.67,79.35,12235447,co,ppb,2025-02-18T20:15:00Z,2026-09-17T14:30:00Z,2026-09-17T14:30:00Z,0.45,1110825.0
5649,"Tirumala, Tirupati - APPCB",,13.67,79.35,12235453,so2,ppb,2025-02-18T20:15:00Z,2026-09-17T14:30:00Z,2026-09-17T14:30:00Z,5.3,1128025.0
5649,"Tirumala, Tirupati - APPCB",,13.67,79.35,12235450,o3,µg/m³,2025-02-18T20:15:00Z,2026-09-17T14:30:00Z,2026-09-17T14:30:00Z,51.0,1116300.0
5649,"Tirumala, Tirupati - APPCB",,13.67,79.35,12235449,no2,ppb,2025-02-18T20:15:00Z,2026-09-17T14:30:00Z,2026-09-17T14:30:00Z,55.1,1129700.0
5649,"Tirumala, Tirupati - APPCB",,13.67,79.35,12235451,pm25,µg/m³,2025-02-18T20:15:00Z,2026-09-17T14:30:00Z,2026-09-17T14:30:00Z,15.0,1112125.0
5649,"Tirumala, Tirupati - APPCB",,13.67,79.35,15120,no2,µg/m³,2018-03-09T06:00:00Z,2022-10-31T02:00:00Z,2022-10-31T02:00:00Z,28.1,1167700.0
5649,"Tirumala, Tirupati - APPCB",,13.67,79.35,15251,pm25,µg/m³,2018-03-09T06:00:00Z,2022-10-31T02:00:00Z,2022-10-31T02:00:00Z,70.0,1150300.0
5649,"Tirumala, Tirupati - APPCB",,13.67,79.35,15223,so2,µg/m³,2018-03-09T06:00:00Z,2022-10-31T02:00:00Z,2022-10-31T02:00:00Z,7.5,1167725.0
5649,"Tirumala, Tirupati - APPCB",,13.67,79.35,15115,o3,µg/m³,2018-03-09T06:00:00Z,2022-10-31T02:00:00Z,2022-10-31T02:00:00Z,35.9,1165175.0
5649,"Tirumala, Tirupati - APPCB",,13.67,79.35,15199,pm10,µg/m³,2018-03-09T06:00:00Z,2022-10-31T02:00:00Z,2022-10-31T02:00:00Z,91.0,1141975.0
5649,"Tirumala, Tirupati - APPCB",,13.67,79.35,15064,co,µg/m³,2018-03-09T06:00:00Z,2022-10-31T02:00:00Z,2022-10-31T02:00:00Z,940.0,1140375.0
6982,"Deshpande Nagar, Hubballi - KSPCB",,15.351773,75.140726,12235166,no2,ppb,2025-02-18T20:15:00Z,2026-03-13T12:15:00Z,2026-03-13T12:15:00Z,0.0,124125.0
6982,"Deshpande Nagar, Hubballi - KSPCB",,15.351773,75.140726,12235167,o3,µg/m³,2025-02-18T20:15:00Z,2026-03-13T12:15:00Z,2026-03-13T12:15:00Z,18.34,112850.0
6982,"Deshpande Nagar, Hubballi - KSPCB",,15.351773,75.140726,12235168,pm10,µg/m³,2025-02-18T20:15:00Z,2026-03-13T12:15:00Z,2026-03-13T12:15:00Z,111.0,76200.0
6982,"Deshpande Nagar, Hubballi - KSPCB",,15.351773,75.140726,12235164,co,ppb,2025-02-18T20:15:00Z,2025-10-29T08:00:00Z,2025-10-29T08:00:00Z,0.39,102725.0
6982,"Deshpande Nagar, Hubballi - KSPCB",,15.351773,75.140726,12235169,pm25,µg/m³,2025-02-18T20:15:00Z,2025-10-29T08:00:00Z,2025-10-29T08:00:00Z,11.0,42050.0
6982,"Deshpande Nagar, Hubballi - KSPCB",,15.351773,75.140726,12235171,so2,ppb,2025-02-18T20:15:00Z,2026-04-07T06:00:00Z,2026-04-07T06:00:00Z,0.81,133925.0
3409392,"Kanuru, Vijayawada - APPCB",,16.486692,80.69943599999999,12237636,pm25,µg/m³,2025-02-18T20:15:00Z,2026-08-03T10:15:00Z,2026-08-03T10:15:00Z,48.39,528200.0
3409392,"Kanuru, Vijayawada - APPCB",,16.486692,80.69943599999999,12237631,co,ppb,2025-02-18T20:15:00Z,2026-08-03T10:15:00Z,2026-08-03T10:15:00Z,0.48,526475.0
3409392,"Kanuru, Vijayawada - APPCB",,16.486692,80.69943599999999,12237633,no2,ppb,2025-02-18T20:15:00Z,2026-08-03T10:15:00Z,2026-08-03T10:15:00Z,25.16,527225.0
3409392,"Kanuru, Vijayawada - APPCB",,16.486692,80.69943599999999,12237635,pm10,µg/m³,2025-02-18T20:15:00Z,2026-08-03T10:15:00Z,2026-08-03T10:15:00Z,76.44,528675.0
3409392,"Kanuru, Vijayawada - APPCB",,16.486692,80.69943599999999,12237634,o3,µg/m³,2025-02-18T20:15:00Z,2026-08-03T10:15:00Z,2026-08-03T10:15:00Z,33.39,528625.0
3409392,"Kanuru, Vijayawada - APPCB",,16.486692,80.69943599999999,12237638,so2,ppb,2025-02-18T20:15:00Z,2026-08-03T10:15:00Z,2026-08-03T10:15:00Z,14.46,531800.0
6955,"Lal Bahadur Shastri Nagar, Kalaburagi - KSPCB",,17.321993,76.822628,12460304,pm25,µg/m³,2025-03-13T04:00:00Z,2026-08-21T17:15:00Z,2026-08-21T17:15:00Z,31.0,402875.0
6955,"Lal Bahadur Shastri Nagar, Kalaburagi - KSPCB",,17.321993,76.822628,12235331,so2,ppb,2025-02-18T20:15:00Z,2026-09-17T06:15:00Z,2026-09-17T06:15:00Z,10.39,461825.0
6955,"Lal Bahadur Shastri Nagar, Kalaburagi - KSPCB",,17.321993,76.822628,12235327,no2,ppb,2025-02-18T20:15:00Z,2026-09-17T06:45:00Z,2026-09-17T06:45:00Z,10.0,467500.0
6955,"Lal Bahadur Shastri Nagar, Kalaburagi - KSPCB",,17.321993,76.822628,12235329,pm10,µg/m³,2025-02-18T20:15:00Z,2026-08-21T17:15:00Z,2026-08-21T17:15:00Z,61.0,443400.0
6955,"Lal Bahadur Shastri Nagar, Kalaburagi - KSPCB",,17.321993,76.822628,12235328,o3,µg/m³,2025-02-18T20:15:00Z,2026-09-17T06:45:00Z,2026-09-17T06:45:00Z,19.78,447825.0
6955,"Lal Bahadur Shastri Nagar, Kalaburagi - KSPCB",,17.321993,76.822628,12235325,co,ppb,2025-02-18T20:15:00Z,2026-08-21T17:15:00Z,2026-08-21T17:15:00Z,0.42,447000.0
6955,"Lal Bahadur Shastri Nagar, Kalaburagi - KSPCB",,17.321993,76.822628,20174,so2,µg/m³,2018-08-14T02:00:00Z,2020-01-02T23:30:00Z,2020-01-02T23:30:00Z,14.47,311550.0
6955,"Lal Bahadur Shastri Nagar, Kalaburagi - KSPCB",,17.321993,76.822628,20163,pm25,µg/m³,2018-08-14T02:00:00Z,2020-01-02T23:30:00Z,2020-01-02T23:30:00Z,36.67,318825.0
6955,"Lal Bahadur Shastri Nagar, Kalaburagi - KSPCB",,17.321993,76.822628,20007,o3,µg/m³,2018-08-14T02:00:00Z,2020-01-02T23:30:00Z,2020-01-02T23:30:00Z,1.38,294900.0
6955,"Lal Bahadur Shastri Nagar, Kalaburagi - KSPCB",,17.321993,76.822628,20160,pm10,µg/m³,2018-08-14T02:00:00Z,2020-01-02T23:15:00Z,2020-01-02T23:15:00Z,-12.0,337875.0
6955,"Lal Bahadur Shastri Nagar, Kalaburagi - KSPCB",,17.321993,76.822628,20170,co,µg/m³,2018-08-14T02:00:00Z,2020-01-02T23:30:00Z,2020-01-02T23:30:00Z,420.0,296800.0
6955,"Lal Bahadur Shastri Nagar, Kalaburagi - KSPCB",,17.321993,76.822628,20185,no2,µg/m³,2018-08-14T02:00:00Z,2020-01-02T23:30:00Z,2020-01-02T23:30:00Z,20.49,305050.0
346258,"Kokapet, Hyderabad - TSPCB",,17.393559,78.33919399999999,12237161,pm25,µg/m³,2025-02-18T20:15:00Z,2026-09-17T14:30:00Z,2026-09-17T14:30:00Z,32.3,983525.0
346258,"Kokapet, Hyderabad - TSPCB",,17.393559,78.33919399999999,12237163,so2,ppb,2025-02-18T20:15:00Z,2026-09-17T14:30:00Z,2026-09-17T14:30:00Z,7.36,980800.0
346258,"Kokapet, Hyderabad - TSPCB",,17.393559,78.33919399999999,12237156,co,ppb,2025-02-18T20:15:00Z,2026-09-17T14:30:00Z,2026-09-17T14:30:00Z,0.63,980600.0
346258,"Kokapet, Hyderabad - TSPCB",,17.393559,78.33919399999999,12237160,pm10,µg/m³,2025-02-18T20:15:00Z,2026-09-17T14:30:00Z,2026-09-17T14:30:00Z,73.18,983750.0
346258,"Kokapet, Hyderabad - TSPCB",,17.393559,78.33919399999999,12237158,no2,ppb,2025-02-18T20:15:00Z,2026-09-17T14:30:00Z,2026-09-17T14:30:00Z,10.37,980125.0
346258,"Kokapet, Hyderabad - TSPCB",,17.393559,78.33919399999999,12237159,o3,µg/m³,2025-02-18T20:15:00Z,2026-09-17T14:30:00Z,2026-09-17T14:30:00Z,19.97,979800.0
346258,"Kokapet, Hyderabad - TSPCB",,17.393559,78.33919399999999,1970969,no2,µg/m³,2022-06-02T08:00:00Z,2022-10-31T02:00:00Z,2022-10-31T02:00:00Z,3.87,38225.0
346258,"Kokapet, Hyderabad - TSPCB",,17.393559,78.33919399999999,1970970,pm25,µg/m³,2022-06-02T08:00:00Z,2022-10-31T02:00:00Z,2022-10-31T02:00:00Z,21.5,38250.0
346258,"Kokapet, Hyderabad - TSPCB",,17.393559,78.33919399999999,1970975,so2,µg/m³,2022-06-02T08:00:00Z,2022-10-31T02:00:00Z,2022-10-31T02:00:00Z,4.19,38225.0
346258,"Kokapet, Hyderabad - TSPCB",,17.393559,78.33919399999999,1970966,pm10,µg/m³,2022-06-02T08:00:00Z,2022-10-31T02:00:00Z,2022-10-31T02:00:00Z,41.57,38250.0
346258,"Kokapet, Hyderabad - TSPCB",,17.393559,78.33919399999999,1970967,co,µg/m³,2022-06-02T08:00:00Z,2022-10-31T02:00:00Z,2022-10-31T02:00:00Z,730.0,38225.0
6314877,"Koyana Nagar, Satara - MPCB",,17.696651,74.003387,16005658,o3,µg/m³,2026-04-20T13:15:00Z,2026-09-17T14:30:00Z,2026-09-17T14:30:00Z,19.1,251800.0
6314877,"Koyana Nagar, Satara - MPCB",,17.696651,74.003387,16007338,so2,ppb,2026-04-20T16:45:00Z,2026-09-17T14:30:00Z,2026-09-17T14:30:00Z,4.8,224050.0
6314877,"Koyana Nagar, Satara - MPCB",,17.696651,74.003387,16005660,pm25,µg/m³,2026-04-20T13:15:00Z,2026-09-17T14:30:00Z,2026-09-17T14:30:00Z,1.0,230650.0
6314877,"Koyana Nagar, Satara - MPCB",,17.696651,74.003387,16005659,pm10,µg/m³,2026-04-20T13:15:00Z,2026-09-17T14:30:00Z,2026-09-17T14:30:00Z,85.0,238950.0
6314877,"Koyana Nagar, Satara - MPCB",,17.696651,74.003387,16005656,no2,ppb,2026-04-20T13:15:00Z,2026-09-17T14:30:00Z,2026-09-17T14:30:00Z,2.9,253175.0
6314877,"Koyana Nagar, Satara - MPCB",,17.696651,74.003387,16005654,co,ppb,2026-04-20T13:15:00Z,2026-09-17T14:30:00Z,2026-09-17T14:30:00Z,0.33,253300.0
5628,"GVM Corporation, Visakhapatnam - APPCB",,17.722682,83.308197,14950,o3,µg/m³,2018-03-09T06:00:00Z,2022-10-31T02:00:00Z,2022-10-31T02:00:00Z,15.8,1023600.0
5628,"GVM Corporation, Visakhapatnam - APPCB",,17.722682,83.308197,14969,co,µg/m³,2018-03-09T06:00:00Z,2022-10-31T02:00:00Z,2022-10-31T02:00:00Z,460.0,1027925.0
5628,"GVM Corporation, Visakhapatnam - APPCB",,17.722682,83.308197,14947,pm10,µg/m³,2018-03-09T06:00:00Z,2022-10-31T02:00:00Z,2022-10-31T02:00:00Z,126.0,985350.0
5628,"GVM Corporation, Visakhapatnam - APPCB",,17.722682,83.308197,14944,pm25,µg/m³,2018-03-09T06:00:00Z,2022-10-31T02:00:00Z,2022-10-31T02:00:00Z,66.0,1003350.0
5628,"GVM Corporation, Visakhapatnam - APPCB",,17.722682,83.308197,14957,no2,µg/m³,2018-03-09T06:00:00Z,2022-10-31T02:00:00Z,2022-10-31T02:00:00Z,36.7,1027025.0
5628,"GVM Corporation, Visakhapatnam - APPCB",,17.722682,83.308197,14939,so2,µg/m³,2018-03-09T06:00:00Z,2022-10-31T02:00:00Z,2022-10-31T02:00:00Z,22.0,1024075.0
5628,"GVM Corporation, Visakhapatnam - APPCB",,17.722682,83.308197,12235460,pm25,µg/m³,2025-02-18T20:15:00Z,2026-09-17T14:30:00Z,2026-09-17T14:30:00Z,56.0,1083175.0
5628,"GVM Corporation, Visakhapatnam - APPCB",,17.722682,83.308197,12235458,o3,µg/m³,2025-02-18T20:15:00Z,2026-09-17T14:30:00Z,2026-09-17T14:30:00Z,8.5,1048225.0
5628,"GVM Corporation, Visakhapatnam - APPCB",,17.722682,83.308197,12235455,co,ppb,2025-02-18T20:15:00Z,2026-09-17T14:15:00Z,2026-09-17T14:15:00Z,1.32,962925.0
5628,"GVM Corporation, Visakhapatnam - APPCB",,17.722682,83.308197,12235459,pm10,µg/m³,2025-02-18T20:15:00Z,2026-09-17T14:30:00Z,2026-09-17T14:30:00Z,167.0,1094525.0
5628,"GVM Corporation, Visakhapatnam - APPCB",,17.722682,83.308197,12235462,so2,ppb,2025-02-18T20:15:00Z,2026-09-17T14:30:00Z,2026-09-17T14:30:00Z,19.7,989825.0
5628,"GVM Corporation, Visakhapatnam - APPCB",,17.722682,83.308197,12235457,no2,ppb,2025-02-18T20:15:00Z,2026-09-17T14:30:00Z,2026-09-17T14:30:00Z,97.4,1065375.0
3409469,"Kasarvadavali, Thane - MPCB",,19.26777,72.97182,12238258,pm25,µg/m³,2025-02-18T20:15:00Z,2026-09-17T14:30:00Z,2026-09-17T14:30:00Z,16.31,1105575.0
3409469,"Kasarvadavali, Thane - MPCB",,19.26777,72.97182,12238253,co,ppb,2025-02-18T20:15:00Z,2026-09-17T14:30:00Z,2026-09-17T14:30:00Z,1.0,1102550.0
3409469,"Kasarvadavali, Thane - MPCB",,19.26777,72.97182,12238260,so2,ppb,2025-02-18T20:15:00Z,2026-09-17T14:30:00Z,2026-09-17T14:30:00Z,4.38,1095025.0
3409469,"Kasarvadavali, Thane - MPCB",,19.26777,72.97182,12238257,pm10,µg/m³,2025-02-18T20:15:00Z,2026-09-17T14:30:00Z,2026-09-17T14:30:00Z,56.53,1105625.0
3409469,"Kasarvadavali, Thane - MPCB",,19.26777,72.97182,12238255,no2,ppb,2025-02-18T20:15:00Z,2026-09-17T14:30:00Z,2026-09-17T14:30:00Z,13.24,1076175.0
3409469,"Kasarvadavali, Thane - MPCB",,19.26777,72.97182,12238256,o3,µg/m³,2025-02-18T20:15:00Z,2026-09-17T14:30:00Z,2026-09-17T14:30:00Z,6.22,1101000.0
6266793,"Ashta Vinayak Nagar, Hingoli - MPCB",,19.710842,77.151824,15645487,o3,µg/m³,2026-03-10T07:45:00Z,2026-09-17T14:30:00Z,2026-09-17T14:30:00Z,32.9,374650.0
6266793,"Ashta Vinayak Nagar, Hingoli - MPCB",,19.710842,77.151824,15645489,pm25,µg/m³,2026-03-10T07:45:00Z,2026-09-17T14:30:00Z,2026-09-17T14:30:00Z,12.0,361200.0
6266793,"Ashta Vinayak Nagar, Hingoli - MPCB",,19.710842,77.151824,15645491,so2,ppb,2026-03-10T07:45:00Z,2026-09-17T14:30:00Z,2026-09-17T14:30:00Z,3.5,365400.0
6266793,"Ashta Vinayak Nagar, Hingoli - MPCB",,19.710842,77.151824,15645483,co,ppb,2026-03-10T07:45:00Z,2026-09-17T14:30:00Z,2026-09-17T14:30:00Z,0.38,380725.0
6266793,"Ashta Vinayak Nagar, Hingoli - MPCB",,19.710842,77.151824,15645485,no2,ppb,2026-03-10T07:45:00Z,2026-09-17T14:30:00Z,2026-09-17T14:30:00Z,6.4,379150.0
6266793,"Ashta Vinayak Nagar, Hingoli - MPCB",,19.710842,77.151824,15645488,pm10,µg/m³,2026-03-10T07:45:00Z,2026-09-17T14:30:00Z,2026-09-17T14:30:00Z,45.0,360875.0
3409461,"Rachnakar Colony, Aurangabad - MPCB",,19.863756,75.321188,12238197,so2,ppb,2025-02-18T20:15:00Z,2026-09-17T14:30:00Z,2026-09-17T14:30:00Z,1.45,1070000.0
3409461,"Rachnakar Colony, Aurangabad - MPCB",,19.863756,75.321188,12238194,pm10,µg/m³,2025-02-18T20:15:00Z,2026-09-17T14:30:00Z,2026-09-17T14:30:00Z,54.8,1071725.0
3409461,"Rachnakar Colony, Aurangabad - MPCB",,19.863756,75.321188,12238192,no2,ppb,2025-02-18T20:15:00Z,2026-09-17T14:30:00Z,2026-09-17T14:30:00Z,24.21,1071125.0
3409461,"Rachnakar Colony, Aurangabad - MPCB",,19.863756,75.321188,12238190,co,ppb,2025-02-18T20:15:00Z,2026-09-17T14:30:00Z,2026-09-17T14:30:00Z,0.99,1066325.0
3409461,"Rachnakar Colony, Aurangabad - MPCB",,19.863756,75.321188,12238195,pm25,µg/m³,2025-02-18T20:15:00Z,2026-09-17T14:30:00Z,2026-09-17T14:30:00Z,28.24,1071175.0
3409461,"Rachnakar Colony, Aurangabad - MPCB",,19.863756,75.321188,12238193,o3,µg/m³,2025-02-18T20:15:00Z,2026-09-17T14:30:00Z,2026-09-17T14:30:00Z,9.96,1070125.0
3409506,"CDA Area, Cuttack - OSPCB",,20.48891,85.84768,12238531,pm25,µg/m³,2025-02-18T20:15:00Z,2026-09-17T14:30:00Z,2026-09-17T14:30:00Z,25.0,1061750.0
3409506,"CDA Area, Cuttack - OSPCB",,20.48891,85.84768,12238533,so2,ppb,2025-02-18T20:45:00Z,2026-09-17T14:30:00Z,2026-09-17T14:30:00Z,8.8,1067525.0
3409506,"CDA Area, Cuttack - OSPCB",,20.48891,85.84768,12238529,o3,µg/m³,2025-02-18T20:15:00Z,2026-09-17T05:00:00Z,2026-09-17T05:00:00Z,47.9,1071300.0
3409506,"CDA Area, Cuttack - OSPCB",,20.48891,85.84768,12238528,no2,ppb,2025-02-18T20:45:00Z,2026-09-17T14:30:00Z,2026-09-17T14:30:00Z,12.0,1072575.0
3409506,"CDA Area, Cuttack - OSPCB",,20.48891,85.84768,12238530,pm10,µg/m³,2025-02-18T20:15:00Z,2026-09-17T14:30:00Z,2026-09-17T14:30:00Z,54.0,1077275.0
3409506,"CDA Area, Cuttack - OSPCB",,20.48891,85.84768,12238526,co,ppb,2025-02-18T20:45:00Z,2026-09-17T14:30:00Z,2026-09-17T14:30:00Z,0.31,1070275.0
3409464,"Ambazari, Nagpur - MPCB",,21.121801,79.04952,12238212,pm10,µg/m³,2025-02-18T20:15:00Z,2026-09-17T14:30:00Z,2026-09-17T14:30:00Z,52.21,1131625.0
3409464,"Ambazari, Nagpur - MPCB",,21.121801,79.04952,12238210,no2,ppb,2025-02-18T20:15:00Z,2026-09-17T14:30:00Z,2026-09-17T14:30:00Z,30.47,1124875.0
3409464,"Ambazari, Nagpur - MPCB",,21.121801,79.04952,12238213,pm25,µg/m³,2025-02-18T20:15:00Z,2026-09-17T14:30:00Z,2026-09-17T14:30:00Z,22.73,1134225.0
3409464,"Ambazari, Nagpur - MPCB",,21.121801,79.04952,12238215,so2,ppb,2025-02-18T20:15:00Z,2026-09-17T14:30:00Z,2026-09-17T14:30:00Z,8.24,1129750.0
3409464,"Ambazari, Nagpur - MPCB",,21.121801,79.04952,12238211,o3,µg/m³,2025-02-18T20:15:00Z,2026-09-17T14:30:00Z,2026-09-17T14:30:00Z,7.65,1131175.0
3409464,"Ambazari, Nagpur - MPCB",,21.121801,79.04952,12238208,co,ppb,2025-02-18T20:15:00Z,2026-09-17T14:30:00Z,2026-09-17T14:30:00Z,2.6,1132450.0
3409361,"AIIMS, Raipur - CECB",,21.258815,81.578979,12237375,pm10,µg/m³,2025-02-18T20:15:00Z,2026-09-17T14:30:00Z,2026-09-17T14:30:00Z,34.04,1065675.0
3409361,"AIIMS, Raipur - CECB",,21.258815,81.578979,12237378,so2,ppb,2025-02-18T20:15:00Z,2026-09-17T13:45:00Z,2026-09-17T13:45:00Z,0.09,1064225.0
3409361,"AIIMS, Raipur - CECB",,21.258815,81.578979,12237371,co,ppb,2025-02-18T20:15:00Z,2026-09-17T14:30:00Z,2026-09-17T14:30:00Z,0.51,1063275.0
3409361,"AIIMS, Raipur - CECB",,21.258815,81.578979,12237376,pm25,µg/m³,2025-02-18T20:15:00Z,2026-09-17T14:30:00Z,2026-09-17T14:30:00Z,17.9,1061600.0
3409361,"AIIMS, Raipur - CECB",,21.258815,81.578979,12237374,o3,µg/m³,2025-02-18T20:15:00Z,2026-09-17T14:30:00Z,2026-09-17T14:30:00Z,15.25,1063075.0
3409361,"AIIMS, Raipur - CECB",,21.258815,81.578979,12237373,no2,ppb,2025-02-18T20:15:00Z,2026-09-17T14:30:00Z,2026-09-17T14:30:00Z,3.99,1055200.0
3409380,"Tata Township, Bileipada - OSPCB",,22.06156703,85.47409613,12237531,so2,ppb,2025-02-18T20:15:00Z,2026-09-15T09:15:00Z,2026-09-15T09:15:00Z,4.72,989375.0
3409380,"Tata Township, Bileipada - OSPCB",,22.06156703,85.47409613,12237526,no2,ppb,2025-02-18T20:15:00Z,2026-09-17T14:30:00Z,2026-09-17T14:30:00Z,11.59,980950.0
3409380,"Tata Township, Bileipada - OSPCB",,22.06156703,85.47409613,12237527,o3,µg/m³,2025-02-18T20:15:00Z,2026-09-17T14:30:00Z,2026-09-17T14:30:00Z,16.32,989275.0
3409380,"Tata Township, Bileipada - OSPCB",,22.06156703,85.47409613,12237529,pm25,µg/m³,2025-02-18T20:15:00Z,2026-09-17T14:30:00Z,2026-09-17T14:30:00Z,46.23,997175.0
3409380,"Tata Township, Bileipada - OSPCB",,22.06156703,85.47409613,12237528,pm10,µg/m³,2025-02-18T20:15:00Z,2026-09-17T14:30:00Z,2026-09-17T14:30:00Z,59.38,993225.0
3409380,"Tata Township, Bileipada - OSPCB",,22.06156703,85.47409613,12237524,co,ppb,2025-02-18T20:15:00Z,2026-09-15T06:45:00Z,2026-09-15T06:45:00Z,0.93,989275.0
3409396,"Nawapara SECL Colony, Chhal - CECB",,22.118125,83.140608,12237662,co,ppb,2025-02-18T20:15:00Z,2026-09-17T14:30:00Z,2026-09-17T14:30:00Z,0.49,917425.0
3409396,"Nawapara SECL Colony, Chhal - CECB",,22.118125,83.140608,12237666,pm10,µg/m³,2025-02-18T20:15:00Z,2026-09-17T14:30:00Z,2026-09-17T14:30:00Z,54.43,913125.0
3409396,"Nawapara SECL Colony, Chhal - CECB",,22.118125,83.140608,12237664,no2,ppb,2025-02-18T20:15:00Z,2026-09-17T14:30:00Z,2026-09-17T14:30:00Z,6.31,915300.0
3409396,"Nawapara SECL Colony, Chhal - CECB",,22.118125,83.140608,12237669,so2,ppb,2025-02-18T20:15:00Z,2026-09-17T14:30:00Z,2026-09-17T14:30:00Z,5.94,909800.0
3409396,"Nawapara SECL Colony, Chhal - CECB",,22.118125,83.140608,12237665,o3,µg/m³,2025-02-18T20:15:00Z,2026-09-17T14:30:00Z,2026-09-17T14:30:00Z,43.48,915525.0
3409396,"Nawapara SECL Colony, Chhal - CECB",,22.118125,83.140608,12237667,pm25,µg/m³,2025-02-18T20:15:00Z,2026-09-17T14:30:00Z,2026-09-17T14:30:00Z,27.88,912950.0
10633,"Victoria, Kolkata - WBPCB",,22.5448082,88.3403691,12235675,co,ppb,2025-02-18T20:15:00Z,2026-09-17T14:30:00Z,2026-09-17T14:30:00Z,0.77,1099700.0
10633,"Victoria, Kolkata - WBPCB",,22.5448082,88.3403691,12235677,no2,ppb,2025-02-18T20:15:00Z,2026-09-17T14:30:00Z,2026-09-17T14:30:00Z,14.04,1098250.0
10633,"Victoria, Kolkata - WBPCB",,22.5448082,88.3403691,12235679,pm10,µg/m³,2025-02-18T20:15:00Z,2026-09-17T14:30:00Z,2026-09-17T14:30:00Z,45.7,1097650.0
10633,"Victoria, Kolkata - WBPCB",,22.5448082,88.3403691,12235678,o3,µg/m³,2025-02-18T20:15:00Z,2026-09-17T14:30:00Z,2026-09-17T14:30:00Z,26.09,1099100.0
10633,"Victoria, Kolkata - WBPCB",,22.5448082,88.3403691,12235682,so2,ppb,2025-02-18T20:15:00Z,2026-09-17T14:30:00Z,2026-09-17T14:30:00Z,0.37,1097600.0
10633,"Victoria, Kolkata - WBPCB",,22.5448082,88.3403691,12235680,pm25,µg/m³,2025-02-18T20:15:00Z,2026-09-17T14:30:00Z,2026-09-17T14:30:00Z,25.8,1098025.0
10633,"Victoria, Kolkata - WBPCB",,22.5448082,88.3403691,35356,pm25,µg/m³,2018-04-15T22:45:00Z,2022-10-31T01:45:00Z,2022-10-31T01:45:00Z,68.4,884125.0
10633,"Victoria, Kolkata - WBPCB",,22.5448082,88.3403691,35354,o3,µg/m³,2018-04-15T22:45:00Z,2022-10-31T01:45:00Z,2022-10-31T01:45:00Z,20.17,883425.0
10633,"Victoria, Kolkata - WBPCB",,22.5448082,88.3403691,35355,pm10,µg/m³,2018-04-15T22:45:00Z,2022-10-31T01:45:00Z,2022-10-31T01:45:00Z,125.7,884225.0
10633,"Victoria, Kolkata - WBPCB",,22.5448082,88.3403691,35352,co,µg/m³,2018-04-15T22:45:00Z,2022-10-31T01:45:00Z,2022-10-31T01:45:00Z,610.0,883950.0
10633,"Victoria, Kolkata - WBPCB",,22.5448082,88.3403691,35353,no2,µg/m³,2018-04-15T22:45:00Z,2022-10-31T01:45:00Z,2022-10-31T01:45:00Z,21.26,883875.0
10633,"Victoria, Kolkata - WBPCB",,22.5448082,88.3403691,35447,so2,µg/m³,2018-04-15T22:45:00Z,2022-10-31T01:45:00Z,2022-10-31T01:45:00Z,10.48,883600.0
5667,"Bhopal Chauraha, Dewas - MPPCB",,22.9682591,76.064118,12234936,no2,ppb,2025-02-18T20:15:00Z,2026-09-17T14:30:00Z,2026-09-17T14:30:00Z,69.9,1081900.0
5667,"Bhopal Chauraha, Dewas - MPPCB",,22.9682591,76.064118,12234941,so2,ppb,2025-02-18T20:15:00Z,2026-09-17T14:30:00Z,2026-09-17T14:30:00Z,23.4,1079350.0
5667,"Bhopal Chauraha, Dewas - MPPCB",,22.9682591,76.064118,12234939,pm25,µg/m³,2025-02-18T20:15:00Z,2026-09-17T14:30:00Z,2026-09-17T14:30:00Z,16.0,1067525.0
5667,"Bhopal Chauraha, Dewas - MPPCB",,22.9682591,76.064118,12234937,o3,µg/m³,2025-02-18T20:15:00Z,2026-09-17T14:30:00Z,2026-09-17T14:30:00Z,32.2,1082075.0
5667,"Bhopal Chauraha, Dewas - MPPCB",,22.9682591,76.064118,12234934,co,ppb,2025-02-18T20:15:00Z,2026-09-17T14:30:00Z,2026-09-17T14:30:00Z,0.9,1085700.0
5667,"Bhopal Chauraha, Dewas - MPPCB",,22.9682591,76.064118,12234938,pm10,µg/m³,2025-02-18T20:15:00Z,2026-09-17T14:30:00Z,2026-09-17T14:30:00Z,64.0,1071500.0
5667,"Bhopal Chauraha, Dewas - MPPCB",,22.9682591,76.064118,15256,co,µg/m³,2018-03-09T06:00:00Z,2022-10-31T02:00:00Z,2022-10-31T02:00:00Z,810.0,1092600.0
5667,"Bhopal Chauraha, Dewas - MPPCB",,22.9682591,76.064118,15244,pm25,µg/m³,2018-03-09T06:00:00Z,2022-10-31T02:00:00Z,2022-10-31T02:00:00Z,27.0,1094700.0
5667,"Bhopal Chauraha, Dewas - MPPCB",,22.9682591,76.064118,15252,o3,µg/m³,2018-03-09T06:00:00Z,2022-10-31T02:00:00Z,2022-10-31T02:00:00Z,29.6,1117450.0
5667,"Bhopal Chauraha, Dewas - MPPCB",,22.9682591,76.064118,15249,pm10,µg/m³,2018-03-09T06:00:00Z,2022-10-31T02:00:00Z,2022-10-31T02:00:00Z,167.0,1115875.0
5667,"Bhopal Chauraha, Dewas - MPPCB",,22.9682591,76.064118,15253,no2,µg/m³,2018-03-09T06:00:00Z,2022-10-31T02:00:00Z,2022-10-31T02:00:00Z,37.6,1098675.0
5667,"Bhopal Chauraha, Dewas - MPPCB",,22.9682591,76.064118,15241,so2,µg/m³,2018-03-09T06:00:00Z,2022-10-31T02:00:00Z,2022-10-31T02:00:00Z,14.1,1107350.0
227534,"Gyaspur, Ahmedabad - IITM",,22.977134,72.553024,12236531,pm25,µg/m³,2025-02-18T20:15:00Z,2026-09-17T14:30:00Z,2026-09-17T14:30:00Z,35.12,1094750.0
227534,"Gyaspur, Ahmedabad - IITM",,22.977134,72.553024,12236530,pm10,µg/m³,2025-02-18T20:15:00Z,2026-09-17T14:30:00Z,2026-09-17T14:30:00Z,79.39,1105650.0
227534,"Gyaspur, Ahmedabad - IITM",,22.977134,72.553024,12236529,o3,µg/m³,2025-02-18T20:15:00Z,2026-09-17T07:30:00Z,2026-09-17T07:30:00Z,11.38,1092850.0
227534,"Gyaspur, Ahmedabad - IITM",,22.977134,72.553024,12236533,so2,ppb,2025-02-18T20:15:00Z,2026-09-17T14:30:00Z,2026-09-17T14:30:00Z,23.59,1107575.0
227534,"Gyaspur, Ahmedabad - IITM",,22.977134,72.553024,12236528,no2,ppb,2025-02-18T20:15:00Z,2026-09-17T14:30:00Z,2026-09-17T14:30:00Z,28.42,1106050.0
227534,"Gyaspur, Ahmedabad - IITM",,22.977134,72.553024,12236526,co,ppb,2025-02-18T20:15:00Z,2026-09-17T14:30:00Z,2026-09-17T14:30:00Z,0.91,1108725.0
227534,"Gyaspur, Ahmedabad - IITM",,22.977134,72.553024,1312462,so2,µg/m³,2021-06-04T17:30:00Z,2022-07-07T08:45:00Z,2022-07-07T08:45:00Z,23.34,135475.0
227534,"Gyaspur, Ahmedabad - IITM",,22.977134,72.553024,1312469,no2,µg/m³,2021-06-04T17:30:00Z,2022-07-07T08:45:00Z,2022-07-07T08:45:00Z,-0.02,135475.0
227534,"Gyaspur, Ahmedabad - IITM",,22.977134,72.553024,1312472,o3,µg/m³,2021-06-04T17:30:00Z,2022-07-07T08:45:00Z,2022-07-07T08:45:00Z,0.0,135500.0
227534,"Gyaspur, Ahmedabad - IITM",,22.977134,72.553024,1312452,pm25,µg/m³,2021-06-04T17:30:00Z,2022-07-07T08:45:00Z,2022-07-07T08:45:00Z,27.1,135450.0
227534,"Gyaspur, Ahmedabad - IITM",,22.977134,72.553024,1312470,pm10,µg/m³,2021-06-04T17:30:00Z,2022-07-07T08:45:00Z,2022-07-07T08:45:00Z,45.2,135475.0
227534,"Gyaspur, Ahmedabad - IITM",,22.977134,72.553024,1312455,co,µg/m³,2021-06-04T17:30:00Z,2022-07-07T08:45:00Z,2022-07-07T08:45:00Z,9510.0,135425.0
8245,"Gole Bazar, Katni - MPPCB",,23.50016,80.23284,36558,no2,µg/m³,2020-01-07T10:00:00Z,2022-10-16T16:00:00Z,2022-10-16T16:00:00Z,18.0,462375.0
8245,"Gole Bazar, Katni - MPPCB",,23.50016,80.23284,36533,so2,µg/m³,2020-01-07T10:00:00Z,2022-10-16T16:00:00Z,2022-10-16T16:00:00Z,5.7,459300.0
8245,"Gole Bazar, Katni - MPPCB",,23.50016,80.23284,36544,o3,µg/m³,2020-01-07T10:00:00Z,2022-10-16T16:00:00Z,2022-10-16T16:00:00Z,47.0,448375.0
8245,"Gole Bazar, Katni - MPPCB",,23.50016,80.23284,24024,co,µg/m³,2020-01-07T10:00:00Z,2022-10-16T16:00:00Z,2022-10-16T16:00:00Z,700.0,442725.0
8245,"Gole Bazar, Katni - MPPCB",,23.50016,80.23284,24077,pm10,µg/m³,2020-01-07T10:00:00Z,2022-10-16T16:00:00Z,2022-10-16T16:00:00Z,133.0,456850.0
8245,"Gole Bazar, Katni - MPPCB",,23.50016,80.23284,36555,pm25,µg/m³,2020-01-07T10:00:00Z,2022-10-16T16:00:00Z,2022-10-16T16:00:00Z,63.0,467350.0
8245,"Gole Bazar, Katni - MPPCB",,23.50016,80.23284,12236050,so2,ppb,2025-02-18T20:15:00Z,2026-09-17T14:30:00Z,2026-09-17T14:30:00Z,24.6,1077700.0
8245,"Gole Bazar, Katni - MPPCB",,23.50016,80.23284,12236045,no2,ppb,2025-02-18T20:15:00Z,2026-09-17T14:30:00Z,2026-09-17T14:30:00Z,12.1,1095200.0
8245,"Gole Bazar, Katni - MPPCB",,23.50016,80.23284,12236043,co,ppb,2025-02-18T20:15:00Z,2026-09-17T14:30:00Z,2026-09-17T14:30:00Z,0.8,1064875.0
8245,"Gole Bazar, Katni - MPPCB",,23.50016,80.23284,12236048,pm25,µg/m³,2025-02-18T20:15:00Z,2026-09-17T14:30:00Z,2026-09-17T14:30:00Z,30.0,1103500.0
8245,"Gole Bazar, Katni - MPPCB",,23.50016,80.23284,12236047,pm10,µg/m³,2025-02-18T20:15:00Z,2026-09-17T14:30:00Z,2026-09-17T14:30:00Z,64.0,1114225.0
8245,"Gole Bazar, Katni - MPPCB",,23.50016,80.23284,12236046,o3,µg/m³,2025-02-18T20:15:00Z,2026-09-17T14:30:00Z,2026-09-17T14:30:00Z,11.1,1082925.0
5602,"Asansol Court Area, Asansol - WBPCB",,23.685297,86.945968,12234982,o3,µg/m³,2025-02-18T20:15:00Z,2026-09-17T14:30:00Z,2026-09-17T14:30:00Z,25.36,1098525.0
5602,"Asansol Court Area, Asansol - WBPCB",,23.685297,86.945968,12234984,pm25,µg/m³,2025-02-18T20:15:00Z,2026-09-17T14:30:00Z,2026-09-17T14:30:00Z,27.62,1097725.0
5602,"Asansol Court Area, Asansol - WBPCB",,23.685297,86.945968,12234986,so2,ppb,2025-02-18T20:15:00Z,2026-09-17T14:30:00Z,2026-09-17T14:30:00Z,13.09,1098275.0
5602,"Asansol Court Area, Asansol - WBPCB",,23.685297,86.945968,12234981,no2,ppb,2025-02-18T20:15:00Z,2026-09-17T14:30:00Z,2026-09-17T14:30:00Z,42.52,1099200.0
5602,"Asansol Court Area, Asansol - WBPCB",,23.685297,86.945968,12234979,co,ppb,2025-02-18T20:15:00Z,2026-09-17T14:30:00Z,2026-09-17T14:30:00Z,0.89,1098725.0
5602,"Asansol Court Area, Asansol - WBPCB",,23.685297,86.945968,12234983,pm10,µg/m³,2025-02-18T20:15:00Z,2026-09-17T14:30:00Z,2026-09-17T14:30:00Z,54.03,1097725.0
5602,"Asansol Court Area, Asansol - WBPCB",,23.685297,86.945968,14833,pm10,µg/m³,2018-03-09T05:30:00Z,2022-10-31T01:45:00Z,2022-10-31T01:45:00Z,183.05,912525.0
5602,"Asansol Court Area, Asansol - WBPCB",,23.685297,86.945968,14822,co,µg/m³,2018-03-09T05:30:00Z,2022-10-31T01:45:00Z,2022-10-31T01:45:00Z,860.0,912575.0
5602,"Asansol Court Area, Asansol - WBPCB",,23.685297,86.945968,14835,pm25,µg/m³,2018-03-09T05:30:00Z,2022-10-31T01:45:00Z,2022-10-31T01:45:00Z,74.44,912575.0
5602,"Asansol Court Area, Asansol - WBPCB",,23.685297,86.945968,14828,o3,µg/m³,2018-03-09T05:30:00Z,2022-10-31T01:45:00Z,2022-10-31T01:45:00Z,59.97,912700.0
5602,"Asansol Court Area, Asansol - WBPCB",,23.685297,86.945968,14837,so2,µg/m³,2018-03-09T05:30:00Z,2022-10-31T01:45:00Z,2022-10-31T01:45:00Z,9.26,908600.0
5602,"Asansol Court Area, Asansol - WBPCB",,23.685297,86.945968,14823,no2,µg/m³,2018-03-09T05:30:00Z,2022-10-31T00:45:00Z,2022-10-31T00:45:00Z,37.33,898125.0
5585,"Ashok Nagar, Udaipur - RSPCB",,24.5886166,73.6321397,35446,o3,µg/m³,2018-05-07T17:15:00Z,2022-10-31T01:45:00Z,2022-10-31T01:45:00Z,11.51,1052275.0
5585,"Ashok Nagar, Udaipur - RSPCB",,24.5886166,73.6321397,14772,pm25,µg/m³,2018-03-09T22:30:00Z,2022-10-31T01:45:00Z,2022-10-31T01:45:00Z,25.91,1061650.0
5585,"Ashok Nagar, Udaipur - RSPCB",,24.5886166,73.6321397,14770,pm10,µg/m³,2018-03-09T22:30:00Z,2022-10-31T01:45:00Z,2022-10-31T01:45:00Z,81.88,1062125.0
5585,"Ashok Nagar, Udaipur - RSPCB",,24.5886166,73.6321397,14817,co,µg/m³,2018-03-09T22:30:00Z,2022-10-31T01:45:00Z,2022-10-31T01:45:00Z,590.0,1062825.0
5585,"Ashok Nagar, Udaipur - RSPCB",,24.5886166,73.6321397,14768,no2,µg/m³,2018-03-14T20:30:00Z,2022-10-31T01:45:00Z,2022-10-31T01:45:00Z,28.63,1061525.0
5585,"Ashok Nagar, Udaipur - RSPCB",,24.5886166,73.6321397,14767,so2,µg/m³,2018-03-09T22:30:00Z,2022-10-31T01:45:00Z,2022-10-31T01:45:00Z,8.53,1062850.0
5585,"Ashok Nagar, Udaipur - RSPCB",,24.5886166,73.6321397,12234884,pm10,µg/m³,2025-02-18T20:15:00Z,2026-09-17T14:30:00Z,2026-09-17T14:30:00Z,125.3,1051100.0
5585,"Ashok Nagar, Udaipur - RSPCB",,24.5886166,73.6321397,12234885,pm25,µg/m³,2025-02-18T20:15:00Z,2026-09-17T14:30:00Z,2026-09-17T14:30:00Z,52.3,1051150.0
5585,"Ashok Nagar, Udaipur - RSPCB",,24.5886166,73.6321397,12234887,so2,ppb,2025-02-18T20:15:00Z,2026-09-17T14:30:00Z,2026-09-17T14:30:00Z,8.36,1049750.0
5585,"Ashok Nagar, Udaipur - RSPCB",,24.5886166,73.6321397,12234882,no2,ppb,2025-02-18T20:15:00Z,2026-09-17T14:30:00Z,2026-09-17T14:30:00Z,12.22,1046775.0
5585,"Ashok Nagar, Udaipur - RSPCB",,24.5886166,73.6321397,12234883,o3,µg/m³,2025-02-18T20:15:00Z,2026-09-17T14:30:00Z,2026-09-17T14:30:00Z,17.98,1051375.0
5585,"Ashok Nagar, Udaipur - RSPCB",,24.5886166,73.6321397,12234880,co,ppb,2025-02-18T20:15:00Z,2026-09-17T14:30:00Z,2026-09-17T14:30:00Z,1.26,1051900.0
3409412,"Dhanmandi, Kota - RSPCB",,25.16409,75.858137,12237800,o3,µg/m³,2025-02-18T20:15:00Z,2026-09-17T14:30:00Z,2026-09-17T14:30:00Z,31.3,1093750.0
3409412,"Dhanmandi, Kota - RSPCB",,25.16409,75.858137,12237801,pm10,µg/m³,2025-02-18T20:15:00Z,2026-09-17T14:30:00Z,2026-09-17T14:30:00Z,39.0,1121375.0
3409412,"Dhanmandi, Kota - RSPCB",,25.16409,75.858137,12237804,so2,ppb,2025-02-18T20:15:00Z,2026-09-17T14:30:00Z,2026-09-17T14:30:00Z,3.2,1103325.0
3409412,"Dhanmandi, Kota - RSPCB",,25.16409,75.858137,12237799,no2,ppb,2025-02-18T20:15:00Z,2026-09-17T14:30:00Z,2026-09-17T14:30:00Z,16.7,1111250.0
3409412,"Dhanmandi, Kota - RSPCB",,25.16409,75.858137,12237797,co,ppb,2025-02-18T20:15:00Z,2026-09-17T14:30:00Z,2026-09-17T14:30:00Z,0.34,1102400.0
3409412,"Dhanmandi, Kota - RSPCB",,25.16409,75.858137,12237802,pm25,µg/m³,2025-02-18T20:15:00Z,2026-09-17T14:30:00Z,2026-09-17T14:30:00Z,32.0,1118025.0
270721,"Mayaganj, Bhagalpur - BSPCB",,25.265194,87.012947,12236873,o3,µg/m³,2025-02-18T20:15:00Z,2026-09-17T14:30:00Z,2026-09-17T14:30:00Z,12.6,962000.0
270721,"Mayaganj, Bhagalpur - BSPCB",,25.265194,87.012947,12236877,so2,ppb,2025-02-18T20:15:00Z,2026-09-17T13:00:00Z,2026-09-17T13:00:00Z,135.5,943425.0
270721,"Mayaganj, Bhagalpur - BSPCB",,25.265194,87.012947,12236872,no2,ppb,2025-02-18T20:15:00Z,2026-09-17T14:30:00Z,2026-09-17T14:30:00Z,17.1,1038025.0
270721,"Mayaganj, Bhagalpur - BSPCB",,25.265194,87.012947,12236870,co,ppb,2025-02-18T20:15:00Z,2026-09-17T13:00:00Z,2026-09-17T13:00:00Z,4.45,951400.0
270721,"Mayaganj, Bhagalpur - BSPCB",,25.265194,87.012947,12236875,pm25,µg/m³,2025-02-18T20:15:00Z,2026-09-17T14:30:00Z,2026-09-17T14:30:00Z,21.0,941675.0
270721,"Mayaganj, Bhagalpur - BSPCB",,25.265194,87.012947,12236874,pm10,µg/m³,2025-02-18T20:15:00Z,2026-09-17T14:30:00Z,2026-09-17T14:30:00Z,38.0,949150.0
270721,"Mayaganj, Bhagalpur - BSPCB",,25.265194,87.012947,1562004,no2,µg/m³,2021-11-22T17:15:00Z,2022-10-31T01:45:00Z,2022-10-31T01:45:00Z,92.7,81300.0
270721,"Mayaganj, Bhagalpur - BSPCB",,25.265194,87.012947,1562022,so2,µg/m³,2021-11-22T17:15:00Z,2022-10-31T01:45:00Z,2022-10-31T01:45:00Z,20.4,77700.0
270721,"Mayaganj, Bhagalpur - BSPCB",,25.265194,87.012947,1562009,pm25,µg/m³,2021-11-22T17:15:00Z,2022-10-31T01:45:00Z,2022-10-31T01:45:00Z,107.0,82550.0
270721,"Mayaganj, Bhagalpur - BSPCB",,25.265194,87.012947,1562037,o3,µg/m³,2021-11-22T17:15:00Z,2022-10-31T01:45:00Z,2022-10-31T01:45:00Z,9.4,74025.0
270721,"Mayaganj, Bhagalpur - BSPCB",,25.265194,87.012947,1562032,co,µg/m³,2021-11-22T17:15:00Z,2022-10-31T01:45:00Z,2022-10-31T01:45:00Z,690.0,52425.0
270721,"Mayaganj, Bhagalpur - BSPCB",,25.265194,87.012947,1562002,pm10,µg/m³,2021-11-22T17:15:00Z,2022-10-31T01:45:00Z,2022-10-31T01:45:00Z,151.0,75475.0
5590,"Ardhali Bazar, Varanasi - UPPCB",,25.3505986,82.9083074,12235487,pm25,µg/m³,2025-02-18T20:15:00Z,2026-09-17T10:45:00Z,2026-09-17T10:45:00Z,15.0,1030150.0
5590,"Ardhali Bazar, Varanasi - UPPCB",,25.3505986,82.9083074,12235489,so2,ppb,2025-02-18T20:15:00Z,2026-09-17T14:30:00Z,2026-09-17T14:30:00Z,4.0,978000.0
5590,"Ardhali Bazar, Varanasi - UPPCB",,25.3505986,82.9083074,12235482,co,ppb,2025-02-18T20:15:00Z,2026-09-17T14:30:00Z,2026-09-17T14:30:00Z,0.29,1039725.0
5590,"Ardhali Bazar, Varanasi - UPPCB",,25.3505986,82.9083074,12235486,pm10,µg/m³,2025-02-18T20:15:00Z,2026-09-17T10:45:00Z,2026-09-17T10:45:00Z,35.0,1029375.0
5590,"Ardhali Bazar, Varanasi - UPPCB",,25.3505986,82.9083074,12235484,no2,ppb,2025-02-18T20:15:00Z,2026-09-17T14:30:00Z,2026-09-17T14:30:00Z,16.4,1056250.0
5590,"Ardhali Bazar, Varanasi - UPPCB",,25.3505986,82.9083074,12235485,o3,µg/m³,2025-02-18T20:15:00Z,2026-09-17T14:30:00Z,2026-09-17T14:30:00Z,12.0,838875.0
5590,"Ardhali Bazar, Varanasi - UPPCB",,25.3505986,82.9083074,14807,o3,µg/m³,2018-03-09T06:00:00Z,2022-10-31T02:00:00Z,2022-10-31T02:00:00Z,6.66,1095400.0
5590,"Ardhali Bazar, Varanasi - UPPCB",,25.3505986,82.9083074,14799,pm25,µg/m³,2018-03-09T06:00:00Z,2022-10-31T02:00:00Z,2022-10-31T02:00:00Z,82.0,1020425.0
5590,"Ardhali Bazar, Varanasi - UPPCB",,25.3505986,82.9083074,14790,pm10,µg/m³,2018-03-09T06:00:00Z,2022-10-31T02:00:00Z,2022-10-31T02:00:00Z,119.0,708450.0
5590,"Ardhali Bazar, Varanasi - UPPCB",,25.3505986,82.9083074,14797,so2,µg/m³,2018-03-09T06:00:00Z,2022-10-31T02:00:00Z,2022-10-31T02:00:00Z,35.63,954525.0
5590,"Ardhali Bazar, Varanasi - UPPCB",,25.3505986,82.9083074,14788,no2,µg/m³,2018-03-09T06:00:00Z,2022-10-31T02:00:00Z,2022-10-31T02:00:00Z,38.73,1042150.0
5590,"Ardhali Bazar, Varanasi - UPPCB",,25.3505986,82.9083074,14805,co,µg/m³,2018-03-09T06:00:00Z,2022-10-31T02:00:00Z,2022-10-31T02:00:00Z,740.0,600550.0
7495,"DRM Office Danapur, Patna - BSPCB",,25.586562,85.043586,12236191,pm25,µg/m³,2025-02-18T20:15:00Z,2026-09-17T14:30:00Z,2026-09-17T14:30:00Z,26.8,1055100.0
7495,"DRM Office Danapur, Patna - BSPCB",,25.586562,85.043586,12236193,so2,ppb,2025-02-18T20:15:00Z,2026-09-17T14:15:00Z,2026-09-17T14:15:00Z,6.23,1050350.0
7495,"DRM Office Danapur, Patna - BSPCB",,25.586562,85.043586,12236190,pm10,µg/m³,2025-02-18T20:15:00Z,2026-09-17T14:30:00Z,2026-09-17T14:30:00Z,86.0,1058600.0
7495,"DRM Office Danapur, Patna - BSPCB",,25.586562,85.043586,12236186,co,ppb,2025-02-18T20:15:00Z,2026-09-17T14:30:00Z,2026-09-17T14:30:00Z,0.75,1069225.0
7495,"DRM Office Danapur, Patna - BSPCB",,25.586562,85.043586,12236188,no2,ppb,2025-02-18T20:15:00Z,2026-09-17T14:30:00Z,2026-09-17T14:30:00Z,21.45,1071025.0
7495,"DRM Office Danapur, Patna - BSPCB",,25.586562,85.043586,12236189,o3,µg/m³,2025-02-18T20:15:00Z,2026-09-17T14:30:00Z,2026-09-17T14:30:00Z,28.49,1070150.0
7495,"DRM Office Danapur, Patna - BSPCB",,25.586562,85.043586,21730,no2,µg/m³,2020-03-02T10:00:00Z,2022-10-16T16:00:00Z,2022-10-16T16:00:00Z,8.92,325000.0
7495,"DRM Office Danapur, Patna - BSPCB",,25.586562,85.043586,21731,o3,µg/m³,2020-03-02T10:00:00Z,2022-10-16T16:00:00Z,2022-10-16T16:00:00Z,46.75,326425.0
7495,"DRM Office Danapur, Patna - BSPCB",,25.586562,85.043586,21734,so2,µg/m³,2020-03-02T10:00:00Z,2022-10-16T16:00:00Z,2022-10-16T16:00:00Z,5.17,325875.0
7495,"DRM Office Danapur, Patna - BSPCB",,25.586562,85.043586,21733,pm25,µg/m³,2020-03-02T10:00:00Z,2022-10-16T16:00:00Z,2022-10-16T16:00:00Z,99.99,325100.0
7495,"DRM Office Danapur, Patna - BSPCB",,25.586562,85.043586,21732,pm10,µg/m³,2020-03-02T10:00:00Z,2022-10-16T16:00:00Z,2022-10-16T16:00:00Z,192.03,319300.0
7495,"DRM Office Danapur, Patna - BSPCB",,25.586562,85.043586,21729,co,µg/m³,2020-03-02T10:00:00Z,2022-10-16T16:00:00Z,2022-10-16T16:00:00Z,1500.0,326625.0
3409419,"Railway Colony, Barmer - RSPCB",,25.747299,71.393989,12237849,no2,ppb,2025-02-18T20:15:00Z,2026-09-17T14:30:00Z,2026-09-17T14:30:00Z,10.9,1116250.0
3409419,"Railway Colony, Barmer - RSPCB",,25.747299,71.393989,12237851,pm10,µg/m³,2025-02-18T20:15:00Z,2026-09-17T14:30:00Z,2026-09-17T14:30:00Z,50.0,1135400.0
3409419,"Railway Colony, Barmer - RSPCB",,25.747299,71.393989,12237847,co,ppb,2025-02-18T20:15:00Z,2026-09-17T14:30:00Z,2026-09-17T14:30:00Z,1.18,1114225.0
3409419,"Railway Colony, Barmer - RSPCB",,25.747299,71.393989,12237854,so2,ppb,2025-02-18T20:15:00Z,2026-09-17T14:30:00Z,2026-09-17T14:30:00Z,3.0,1100600.0
3409419,"Railway Colony, Barmer - RSPCB",,25.747299,71.393989,12237852,pm25,µg/m³,2025-02-18T20:15:00Z,2026-09-17T14:30:00Z,2026-09-17T14:30:00Z,9.0,1127675.0
3409419,"Railway Colony, Barmer - RSPCB",,25.747299,71.393989,12237850,o3,µg/m³,2025-02-18T20:15:00Z,2026-09-17T14:30:00Z,2026-09-17T14:30:00Z,38.3,1111250.0
3409376,"Central Academy for SFS, Byrnihat - PCBA",,26.071318,91.87488,12237494,pm25,µg/m³,2025-02-18T20:15:00Z,2026-09-17T14:30:00Z,2026-09-17T14:30:00Z,49.0,810600.0
3409376,"Central Academy for SFS, Byrnihat - PCBA",,26.071318,91.87488,12237492,o3,µg/m³,2025-02-18T20:15:00Z,2026-09-17T14:30:00Z,2026-09-17T14:30:00Z,17.3,830100.0
3409376,"Central Academy for SFS, Byrnihat - PCBA",,26.071318,91.87488,12237493,pm10,µg/m³,2025-02-18T20:15:00Z,2026-09-17T14:30:00Z,2026-09-17T14:30:00Z,75.0,809950.0
3409376,"Central Academy for SFS, Byrnihat - PCBA",,26.071318,91.87488,12237491,no2,ppb,2025-02-18T21:30:00Z,2026-09-17T14:30:00Z,2026-09-17T14:30:00Z,6.6,816925.0
3409376,"Central Academy for SFS, Byrnihat - PCBA",,26.071318,91.87488,12237489,co,ppb,2025-02-18T20:15:00Z,2026-09-17T14:30:00Z,2026-09-17T14:30:00Z,1.23,824950.0
3409376,"Central Academy for SFS, Byrnihat - PCBA",,26.071318,91.87488,12237496,so2,ppb,2025-02-18T20:15:00Z,2026-09-17T14:30:00Z,2026-09-17T14:30:00Z,25.3,834250.0
10907,"City Center, Gwalior - MPPCB",,26.203442,78.193251,12236152,pm10,µg/m³,2025-02-18T20:15:00Z,2026-09-17T14:30:00Z,2026-09-17T14:30:00Z,23.0,1029250.0
10907,"City Center, Gwalior - MPPCB",,26.203442,78.193251,12236148,co,ppb,2025-02-18T20:15:00Z,2026-09-17T14:30:00Z,2026-09-17T14:30:00Z,0.85,1024275.0
10907,"City Center, Gwalior - MPPCB",,26.203442,78.193251,12236151,o3,µg/m³,2025-02-18T20:15:00Z,2026-09-17T14:30:00Z,2026-09-17T14:30:00Z,51.5,1040025.0
10907,"City Center, Gwalior - MPPCB",,26.203442,78.193251,12236155,so2,ppb,2025-02-18T20:15:00Z,2026-09-17T14:30:00Z,2026-09-17T14:30:00Z,15.4,1003800.0
10907,"City Center, Gwalior - MPPCB",,26.203442,78.193251,12236153,pm25,µg/m³,2025-02-18T20:15:00Z,2026-09-17T14:30:00Z,2026-09-17T14:30:00Z,16.0,1085675.0
10907,"City Center, Gwalior - MPPCB",,26.203442,78.193251,12236150,no2,ppb,2025-02-18T20:15:00Z,2026-09-17T14:30:00Z,2026-09-17T14:30:00Z,54.6,1053875.0
10907,"City Center, Gwalior - MPPCB",,26.203442,78.193251,36584,pm25,µg/m³,2020-02-03T09:00:00Z,2022-10-16T16:00:00Z,2022-10-16T16:00:00Z,59.0,412250.0
10907,"City Center, Gwalior - MPPCB",,26.203442,78.193251,36593,so2,µg/m³,2020-02-03T09:00:00Z,2022-10-16T16:00:00Z,2022-10-16T16:00:00Z,23.8,397900.0
10907,"City Center, Gwalior - MPPCB",,26.203442,78.193251,36580,o3,µg/m³,2020-02-03T09:00:00Z,2022-10-16T16:00:00Z,2022-10-16T16:00:00Z,9.7,405050.0
10907,"City Center, Gwalior - MPPCB",,26.203442,78.193251,36554,co,µg/m³,2020-02-03T09:00:00Z,2022-10-16T16:00:00Z,2022-10-16T16:00:00Z,1310.0,391850.0
10907,"City Center, Gwalior - MPPCB",,26.203442,78.193251,36582,pm10,µg/m³,2020-02-03T09:00:00Z,2022-10-16T16:00:00Z,2022-10-16T16:00:00Z,132.0,410650.0
10907,"City Center, Gwalior - MPPCB",,26.203442,78.193251,36574,no2,µg/m³,2020-02-04T08:00:00Z,2022-10-16T16:00:00Z,2022-10-16T16:00:00Z,50.4,407750.0
3409431,"Digari Kalan, Jodhpur - RSPCB",,26.295809999999996,73.08228299999999,12237958,o3,µg/m³,2025-02-18T20:15:00Z,2026-09-17T14:30:00Z,2026-09-17T14:30:00Z,56.3,1087450.0
3409431,"Digari Kalan, Jodhpur - RSPCB",,26.295809999999996,73.08228299999999,12237960,pm25,µg/m³,2025-02-18T20:15:00Z,2026-09-17T14:30:00Z,2026-09-17T14:30:00Z,12.0,1111275.0
3409431,"Digari Kalan, Jodhpur - RSPCB",,26.295809999999996,73.08228299999999,12237959,pm10,µg/m³,2025-02-18T20:15:00Z,2026-09-17T14:30:00Z,2026-09-17T14:30:00Z,34.0,1116625.0
3409431,"Digari Kalan, Jodhpur - RSPCB",,26.295809999999996,73.08228299999999,12237957,no2,ppb,2025-02-18T20:15:00Z,2026-09-17T14:30:00Z,2026-09-17T14:30:00Z,13.5,1103375.0
3409431,"Digari Kalan, Jodhpur - RSPCB",,26.295809999999996,73.08228299999999,12237962,so2,ppb,2025-02-18T20:15:00Z,2026-09-17T14:30:00Z,2026-09-17T14:30:00Z,3.9,1089875.0
3409431,"Digari Kalan, Jodhpur - RSPCB",,26.295809999999996,73.08228299999999,12237955,co,ppb,2025-02-18T20:15:00Z,2026-09-17T14:30:00Z,2026-09-17T14:30:00Z,0.3,1081700.0
5648,"Ward-32 Bapupara, Siliguri - WBPCB",,26.6883049,88.412668,15070,no2,µg/m³,2018-03-09T05:30:00Z,2022-10-31T01:45:00Z,2022-10-31T01:45:00Z,23.91,834325.0
5648,"Ward-32 Bapupara, Siliguri - WBPCB",,26.6883049,88.412668,15056,co,µg/m³,2018-03-09T05:30:00Z,2022-10-31T01:45:00Z,2022-10-31T01:45:00Z,300.0,835225.0
5648,"Ward-32 Bapupara, Siliguri - WBPCB",,26.6883049,88.412668,15079,pm25,µg/m³,2018-03-09T05:30:00Z,2022-10-31T01:45:00Z,2022-10-31T01:45:00Z,61.79,835050.0
5648,"Ward-32 Bapupara, Siliguri - WBPCB",,26.6883049,88.412668,15075,pm10,µg/m³,2018-03-09T05:30:00Z,2022-10-31T01:45:00Z,2022-10-31T01:45:00Z,258.59,835225.0
5648,"Ward-32 Bapupara, Siliguri - WBPCB",,26.6883049,88.412668,15072,o3,µg/m³,2018-03-09T05:30:00Z,2022-10-31T01:45:00Z,2022-10-31T01:45:00Z,24.91,835075.0
5648,"Ward-32 Bapupara, Siliguri - WBPCB",,26.6883049,88.412668,15080,so2,µg/m³,2018-03-09T05:30:00Z,2022-03-24T23:30:00Z,2022-03-24T23:30:00Z,6.0,5050.0
5648,"Ward-32 Bapupara, Siliguri - WBPCB",,26.6883049,88.412668,12234988,co,ppb,2025-02-18T20:15:00Z,2026-09-17T14:30:00Z,2026-09-17T14:30:00Z,0.6,1099175.0
5648,"Ward-32 Bapupara, Siliguri - WBPCB",,26.6883049,88.412668,12234995,so2,ppb,2025-02-18T20:15:00Z,2026-09-17T14:30:00Z,2026-09-17T14:30:00Z,12.66,1095750.0
5648,"Ward-32 Bapupara, Siliguri - WBPCB",,26.6883049,88.412668,12234991,o3,µg/m³,2025-02-18T20:15:00Z,2026-09-17T14:30:00Z,2026-09-17T14:30:00Z,19.92,1097525.0
5648,"Ward-32 Bapupara, Siliguri - WBPCB",,26.6883049,88.412668,12234990,no2,ppb,2025-02-18T20:15:00Z,2026-09-17T14:30:00Z,2026-09-17T14:30:00Z,12.41,1097450.0
5648,"Ward-32 Bapupara, Siliguri - WBPCB",,26.6883049,88.412668,12234992,pm10,µg/m³,2025-02-18T20:15:00Z,2026-09-17T14:30:00Z,2026-09-17T14:30:00Z,35.5,1097725.0
5648,"Ward-32 Bapupara, Siliguri - WBPCB",,26.6883049,88.412668,12234993,pm25,µg/m³,2025-02-18T20:15:00Z,2026-09-17T14:30:00Z,2026-09-17T14:30:00Z,17.69,1096950.0
227386,"B R Ambedkar University, Lucknow - UPPCB",,26.766433000000003,80.927299,1311821,co,µg/m³,2021-06-02T18:00:00Z,2022-10-16T16:00:00Z,2022-10-16T16:00:00Z,670.0,162200.0
227386,"B R Ambedkar University, Lucknow - UPPCB",,26.766433000000003,80.927299,1311815,pm10,µg/m³,2021-06-02T18:00:00Z,2022-10-16T16:00:00Z,2022-10-16T16:00:00Z,174.25,162200.0
227386,"B R Ambedkar University, Lucknow - UPPCB",,26.766433000000003,80.927299,1311823,pm25,µg/m³,2021-06-02T18:00:00Z,2022-10-16T16:00:00Z,2022-10-16T16:00:00Z,67.28,162200.0
227386,"B R Ambedkar University, Lucknow - UPPCB",,26.766433000000003,80.927299,1311828,so2,µg/m³,2021-06-02T18:00:00Z,2022-10-16T16:00:00Z,2022-10-16T16:00:00Z,10.8,162200.0
227386,"B R Ambedkar University, Lucknow - UPPCB",,26.766433000000003,80.927299,1311814,o3,µg/m³,2021-06-02T18:00:00Z,2022-10-16T16:00:00Z,2022-10-16T16:00:00Z,36.49,162200.0
227386,"B R Ambedkar University, Lucknow - UPPCB",,26.766433000000003,80.927299,1311816,no2,µg/m³,2021-06-02T18:00:00Z,2022-10-16T16:00:00Z,2022-10-16T16:00:00Z,16.31,162200.0
227386,"B R Ambedkar University, Lucknow - UPPCB",,26.766433000000003,80.927299,12236618,no2,ppb,2025-02-18T20:15:00Z,2026-09-17T14:30:00Z,2026-09-17T14:30:00Z,9.6,1126100.0
227386,"B R Ambedkar University, Lucknow - UPPCB",,26.766433000000003,80.927299,12236619,o3,µg/m³,2025-02-18T20:15:00Z,2026-09-17T14:30:00Z,2026-09-17T14:30:00Z,82.96,1120475.0
227386,"B R Ambedkar University, Lucknow - UPPCB",,26.766433000000003,80.927299,12236621,pm25,µg/m³,2025-02-18T20:15:00Z,2026-09-17T14:30:00Z,2026-09-17T14:30:00Z,19.86,1096250.0
227386,"B R Ambedkar University, Lucknow - UPPCB",,26.766433000000003,80.927299,12236616,co,ppb,2025-02-18T20:15:00Z,2026-09-17T14:30:00Z,2026-09-17T14:30:00Z,0.5,1126150.0
227386,"B R Ambedkar University, Lucknow - UPPCB",,26.766433000000003,80.927299,12236623,so2,ppb,2025-02-18T20:15:00Z,2026-09-17T14:30:00Z,2026-09-17T14:30:00Z,23.8,1125900.0
227386,"B R Ambedkar University, Lucknow - UPPCB",,26.766433000000003,80.927299,12236620,pm10,µg/m³,2025-02-18T20:15:00Z,2026-09-17T14:30:00Z,2026-09-17T14:30:00Z,52.81,1103800.0
229728,"Kamalnath Nagar, Bettiah - BSPCB",,26.80365,84.51954,1323077,so2,µg/m³,2021-07-17T22:00:00Z,2022-10-16T15:45:00Z,2022-10-16T15:45:00Z,2.8,71025.0
229728,"Kamalnath Nagar, Bettiah - BSPCB",,26.80365,84.51954,1323079,o3,ppm,2021-07-17T22:00:00Z,2021-07-22T04:00:00Z,2021-07-22T04:00:00Z,0.01,550.0
229728,"Kamalnath Nagar, Bettiah - BSPCB",,26.80365,84.51954,1323086,no2,µg/m³,2021-07-17T22:00:00Z,2022-10-16T15:45:00Z,2022-10-16T15:45:00Z,17.3,77300.0
229728,"Kamalnath Nagar, Bettiah - BSPCB",,26.80365,84.51954,1323093,pm25,µg/m³,2021-07-17T22:00:00Z,2022-10-16T15:45:00Z,2022-10-16T15:45:00Z,65.0,58375.0
229728,"Kamalnath Nagar, Bettiah - BSPCB",,26.80365,84.51954,1324433,o3,µg/m³,2021-07-22T05:00:00Z,2022-10-16T15:45:00Z,2022-10-16T15:45:00Z,36.8,78125.0
229728,"Kamalnath Nagar, Bettiah - BSPCB",,26.80365,84.51954,1323090,pm10,µg/m³,2021-07-17T22:00:00Z,2022-10-16T15:45:00Z,2022-10-16T15:45:00Z,233.0,61225.0
229728,"Kamalnath Nagar, Bettiah - BSPCB",,26.80365,84.51954,1323088,co,µg/m³,2021-07-17T22:00:00Z,2022-10-16T15:45:00Z,2022-10-16T15:45:00Z,930.0,74175.0
229728,"Kamalnath Nagar, Bettiah - BSPCB",,26.80365,84.51954,12236713,so2,ppb,2025-02-18T20:15:00Z,2026-09-17T14:30:00Z,2026-09-17T14:30:00Z,11.0,813175.0
229728,"Kamalnath Nagar, Bettiah - BSPCB",,26.80365,84.51954,12236706,co,ppb,2025-02-18T20:15:00Z,2026-09-17T14:00:00Z,2026-09-17T14:00:00Z,0.7,869475.0
229728,"Kamalnath Nagar, Bettiah - BSPCB",,26.80365,84.51954,12236711,pm25,µg/m³,2025-02-18T20:15:00Z,2026-09-17T14:30:00Z,2026-09-17T14:30:00Z,13.0,786350.0
229728,"Kamalnath Nagar, Bettiah - BSPCB",,26.80365,84.51954,12236710,pm10,µg/m³,2025-02-18T20:15:00Z,2026-09-17T14:30:00Z,2026-09-17T14:30:00Z,20.0,829050.0
229728,"Kamalnath Nagar, Bettiah - BSPCB",,26.80365,84.51954,12236709,o3,µg/m³,2025-02-18T20:15:00Z,2026-09-17T14:30:00Z,2026-09-17T14:30:00Z,15.1,924525.0
229728,"Kamalnath Nagar, Bettiah - BSPCB",,26.80365,84.51954,12236708,no2,ppb,2025-02-18T20:15:00Z,2026-09-17T14:30:00Z,2026-09-17T14:30:00Z,20.9,818225.0
3409418,"Khatikan Mohalla, Dausa - RSPCB",,26.895552,76.334753,12237841,o3,µg/m³,2025-02-18T20:15:00Z,2026-09-17T14:30:00Z,2026-09-17T14:30:00Z,18.2,1083550.0
3409418,"Khatikan Mohalla, Dausa - RSPCB",,26.895552,76.334753,12237842,pm10,µg/m³,2025-02-18T20:15:00Z,2026-09-17T14:00:00Z,2026-09-17T14:00:00Z,24.0,1092300.0
3409418,"Khatikan Mohalla, Dausa - RSPCB",,26.895552,76.334753,12237845,so2,ppb,2025-02-18T20:15:00Z,2026-09-17T14:30:00Z,2026-09-17T14:30:00Z,1.6,1078525.0
3409418,"Khatikan Mohalla, Dausa - RSPCB",,26.895552,76.334753,12237840,no2,ppb,2025-02-18T20:15:00Z,2026-09-17T14:30:00Z,2026-09-17T14:30:00Z,29.8,1099750.0
3409418,"Khatikan Mohalla, Dausa - RSPCB",,26.895552,76.334753,12237838,co,ppb,2025-02-18T20:15:00Z,2026-09-17T14:30:00Z,2026-09-17T14:30:00Z,0.95,1086900.0
3409418,"Khatikan Mohalla, Dausa - RSPCB",,26.895552,76.334753,12237843,pm25,µg/m³,2025-02-18T20:15:00Z,2026-09-17T14:00:00Z,2026-09-17T14:00:00Z,23.0,1099775.0
363601,"Girls College, Sivasagar - PCBA",,26.987634000000003,94.636574,12237410,o3,µg/m³,2025-02-18T20:15:00Z,2026-09-17T14:30:00Z,2026-09-17T14:30:00Z,17.61,1041425.0
363601,"Girls College, Sivasagar - PCBA",,26.987634000000003,94.636574,12237411,pm10,µg/m³,2025-02-18T20:15:00Z,2026-09-17T14:30:00Z,2026-09-17T14:30:00Z,33.97,1046650.0
363601,"Girls College, Sivasagar - PCBA",,26.987634000000003,94.636574,12237412,pm25,µg/m³,2025-02-18T20:15:00Z,2026-09-17T14:30:00Z,2026-09-17T14:30:00Z,11.22,1045900.0
363601,"Girls College, Sivasagar - PCBA",,26.987634000000003,94.636574,12237409,no2,ppb,2025-02-18T20:15:00Z,2026-09-17T14:30:00Z,2026-09-17T14:30:00Z,15.47,1041150.0
363601,"Girls College, Sivasagar - PCBA",,26.987634000000003,94.636574,12237407,co,ppb,2025-02-18T20:15:00Z,2026-09-17T14:30:00Z,2026-09-17T14:30:00Z,0.48,1042325.0
363601,"Girls College, Sivasagar - PCBA",,26.987634000000003,94.636574,12237414,so2,ppb,2025-02-18T20:15:00Z,2026-09-17T14:30:00Z,2026-09-17T14:30:00Z,6.69,1031150.0
363601,"Girls College, Sivasagar - PCBA",,26.987634000000003,94.636574,2053705,co,µg/m³,2022-09-29T13:00:00Z,2022-10-31T02:00:00Z,2022-10-31T02:00:00Z,500.0,6750.0
363601,"Girls College, Sivasagar - PCBA",,26.987634000000003,94.636574,2053701,o3,µg/m³,2022-09-29T13:00:00Z,2022-10-31T02:00:00Z,2022-10-31T02:00:00Z,1.39,6750.0
363601,"Girls College, Sivasagar - PCBA",,26.987634000000003,94.636574,2053704,pm25,µg/m³,2022-09-29T13:00:00Z,2022-10-31T02:00:00Z,2022-10-31T02:00:00Z,12.53,6750.0
363601,"Girls College, Sivasagar - PCBA",,26.987634000000003,94.636574,2053703,no2,µg/m³,2022-09-29T13:00:00Z,2022-10-31T02:00:00Z,2022-10-31T02:00:00Z,7.27,6750.0
363601,"Girls College, Sivasagar - PCBA",,26.987634000000003,94.636574,2053700,so2,µg/m³,2022-09-29T13:00:00Z,2022-10-31T02:00:00Z,2022-10-31T02:00:00Z,2.35,6750.0
363601,"Girls College, Sivasagar - PCBA",,26.987634000000003,94.636574,2053702,pm10,µg/m³,2022-09-29T13:00:00Z,2022-10-31T02:00:00Z,2022-10-31T02:00:00Z,33.99,6750.0
228352,"Shastripuram, Agra - UPPCB",,27.19862,77.92066,12236636,no2,ppb,2025-02-18T20:15:00Z,2026-09-17T14:30:00Z,2026-09-17T14:30:00Z,46.64,1114275.0
228352,"Shastripuram, Agra - UPPCB",,27.19862,77.92066,12236641,so2,ppb,2025-02-18T20:15:00Z,2026-09-17T14:30:00Z,2026-09-17T14:30:00Z,29.22,1086100.0
228352,"Shastripuram, Agra - UPPCB",,27.19862,77.92066,12236634,co,ppb,2025-02-18T20:15:00Z,2026-09-17T14:30:00Z,2026-09-17T14:30:00Z,0.74,1114325.0
228352,"Shastripuram, Agra - UPPCB",,27.19862,77.92066,12236639,pm25,µg/m³,2025-02-18T20:15:00Z,2026-09-17T14:30:00Z,2026-09-17T14:30:00Z,12.26,1108950.0
228352,"Shastripuram, Agra - UPPCB",,27.19862,77.92066,12236637,o3,µg/m³,2025-02-18T20:15:00Z,2026-09-17T14:30:00Z,2026-09-17T14:30:00Z,20.28,1113950.0
228352,"Shastripuram, Agra - UPPCB",,27.19862,77.92066,12236638,pm10,µg/m³,2025-02-18T20:15:00Z,2026-09-17T14:30:00Z,2026-09-17T14:30:00Z,17.17,1078875.0
228352,"Shastripuram, Agra - UPPCB",,27.19862,77.92066,1316050,pm10,µg/m³,2021-06-20T21:00:00Z,2022-10-16T16:00:00Z,2022-10-16T16:00:00Z,106.65,162025.0
228352,"Shastripuram, Agra - UPPCB",,27.19862,77.92066,1316053,o3,µg/m³,2021-06-20T21:00:00Z,2022-10-16T16:00:00Z,2022-10-16T16:00:00Z,27.81,162025.0
228352,"Shastripuram, Agra - UPPCB",,27.19862,77.92066,1316054,pm25,µg/m³,2021-06-20T21:00:00Z,2022-10-16T16:00:00Z,2022-10-16T16:00:00Z,62.4,162025.0
228352,"Shastripuram, Agra - UPPCB",,27.19862,77.92066,1316051,no2,µg/m³,2021-06-20T21:00:00Z,2022-10-16T16:00:00Z,2022-10-16T16:00:00Z,20.54,162025.0
228352,"Shastripuram, Agra - UPPCB",,27.19862,77.92066,1316049,co,µg/m³,2021-06-20T21:00:00Z,2022-10-16T16:00:00Z,2022-10-16T16:00:00Z,970.0,162025.0
228352,"Shastripuram, Agra - UPPCB",,27.19862,77.92066,1316052,so2,µg/m³,2021-06-20T21:00:00Z,2022-10-16T16:00:00Z,2022-10-16T16:00:00Z,17.35,162025.0
3409422,"Indra Nagar, Jhunjhunu - RSPCB",,28.108988,75.386577,12237874,co,ppb,2025-02-18T20:15:00Z,2026-09-17T14:30:00Z,2026-09-17T14:30:00Z,0.32,1114450.0
3409422,"Indra Nagar, Jhunjhunu - RSPCB",,28.108988,75.386577,12237876,no2,ppb,2025-02-18T20:15:00Z,2026-09-17T14:30:00Z,2026-09-17T14:30:00Z,11.2,1120225.0
3409422,"Indra Nagar, Jhunjhunu - RSPCB",,28.108988,75.386577,12237878,pm10,µg/m³,2025-02-18T20:15:00Z,2026-09-17T14:30:00Z,2026-09-17T14:30:00Z,15.0,1124100.0
3409422,"Indra Nagar, Jhunjhunu - RSPCB",,28.108988,75.386577,12237879,pm25,µg/m³,2025-02-18T20:15:00Z,2026-09-17T14:30:00Z,2026-09-17T14:30:00Z,8.0,1122550.0
3409422,"Indra Nagar, Jhunjhunu - RSPCB",,28.108988,75.386577,12237881,so2,ppb,2025-02-18T20:15:00Z,2026-09-17T14:30:00Z,2026-09-17T14:30:00Z,2.1,1119975.0
3409422,"Indra Nagar, Jhunjhunu - RSPCB",,28.108988,75.386577,12237877,o3,µg/m³,2025-02-18T20:15:00Z,2026-09-17T14:30:00Z,2026-09-17T14:30:00Z,44.2,1096875.0
5613,"ITO, New Delhi - CPCB",,28.628624,77.24106,14866,no2,µg/m³,2018-03-09T05:30:00Z,2020-01-20T07:15:00Z,2020-01-20T07:15:00Z,22.17,498175.0
5613,"ITO, New Delhi - CPCB",,28.628624,77.24106,14869,pm10,µg/m³,2018-03-09T05:30:00Z,2020-01-20T07:15:00Z,2020-01-20T07:15:00Z,209.0,498050.0
5613,"ITO, New Delhi - CPCB",,28.628624,77.24106,14878,pm25,µg/m³,2018-03-09T05:30:00Z,2020-01-20T07:15:00Z,2020-01-20T07:15:00Z,162.0,497775.0
5613,"ITO, New Delhi - CPCB",,28.628624,77.24106,17785,o3,µg/m³,2018-08-10T06:00:00Z,2020-01-20T07:15:00Z,2020-01-20T07:15:00Z,28.7,490125.0
5613,"ITO, New Delhi - CPCB",,28.628624,77.24106,17781,so2,µg/m³,2018-08-10T06:00:00Z,2020-01-20T07:15:00Z,2020-01-20T07:15:00Z,11.16,485750.0
5613,"ITO, New Delhi - CPCB",,28.628624,77.24106,17782,co,µg/m³,2018-08-10T06:00:00Z,2020-01-20T07:15:00Z,2020-01-20T07:15:00Z,1450.0,489750.0
5613,"ITO, New Delhi - CPCB",,28.628624,77.24106,12234753,pm25,µg/m³,2025-02-18T20:15:00Z,2026-09-17T14:30:00Z,2026-09-17T14:30:00Z,42.0,1118425.0
5613,"ITO, New Delhi - CPCB",,28.628624,77.24106,12234748,co,ppb,2025-02-18T20:15:00Z,2026-09-17T14:30:00Z,2026-09-17T14:30:00Z,1.22,1118300.0
5613,"ITO, New Delhi - CPCB",,28.628624,77.24106,12234751,o3,µg/m³,2025-02-18T20:15:00Z,2026-09-17T14:30:00Z,2026-09-17T14:30:00Z,13.8,1115800.0
5613,"ITO, New Delhi - CPCB",,28.628624,77.24106,12234752,pm10,µg/m³,2025-02-18T20:15:00Z,2026-09-17T14:30:00Z,2026-09-17T14:30:00Z,99.0,1118725.0
5613,"ITO, New Delhi - CPCB",,28.628624,77.24106,12234750,no2,ppb,2025-02-18T20:15:00Z,2026-09-17T14:30:00Z,2026-09-17T14:30:00Z,69.4,1118500.0
5613,"ITO, New Delhi - CPCB",,28.628624,77.24106,12234754,so2,ppb,2025-02-18T20:15:00Z,2026-09-17T14:30:00Z,2026-09-17T14:30:00Z,30.8,1106100.0
270777,"Jigar Colony, Moradabad - UPPCB",,28.856664,78.772638,12236988,o3,µg/m³,2025-02-18T20:15:00Z,2026-09-17T14:30:00Z,2026-09-17T14:30:00Z,22.09,1112200.0
270777,"Jigar Colony, Moradabad - UPPCB",,28.856664,78.772638,12236990,pm25,µg/m³,2025-02-18T20:15:00Z,2026-09-17T14:30:00Z,2026-09-17T14:30:00Z,24.21,1103125.0
270777,"Jigar Colony, Moradabad - UPPCB",,28.856664,78.772638,12236985,co,ppb,2025-02-18T20:15:00Z,2026-09-17T14:30:00Z,2026-09-17T14:30:00Z,0.78,1112175.0
270777,"Jigar Colony, Moradabad - UPPCB",,28.856664,78.772638,12236992,so2,ppb,2025-02-18T20:15:00Z,2026-09-17T14:30:00Z,2026-09-17T14:30:00Z,36.39,1112175.0
270777,"Jigar Colony, Moradabad - UPPCB",,28.856664,78.772638,12236989,pm10,µg/m³,2025-02-18T20:15:00Z,2026-09-17T14:30:00Z,2026-09-17T14:30:00Z,81.66,1107075.0
270777,"Jigar Colony, Moradabad - UPPCB",,28.856664,78.772638,12236987,no2,ppb,2025-02-18T20:15:00Z,2026-09-17T14:30:00Z,2026-09-17T14:30:00Z,19.7,1112250.0
270777,"Jigar Colony, Moradabad - UPPCB",,28.856664,78.772638,1562226,so2,µg/m³,2021-12-18T08:00:00Z,2022-10-31T02:00:00Z,2022-10-31T02:00:00Z,20.52,84375.0
270777,"Jigar Colony, Moradabad - UPPCB",,28.856664,78.772638,1562223,pm10,µg/m³,2021-12-18T08:00:00Z,2022-10-31T02:00:00Z,2022-10-31T02:00:00Z,87.44,84375.0
270777,"Jigar Colony, Moradabad - UPPCB",,28.856664,78.772638,1562221,pm25,µg/m³,2021-12-18T08:00:00Z,2022-10-31T02:00:00Z,2022-10-31T02:00:00Z,52.13,84375.0
270777,"Jigar Colony, Moradabad - UPPCB",,28.856664,78.772638,1562222,o3,µg/m³,2021-12-18T08:00:00Z,2022-10-31T02:00:00Z,2022-10-31T02:00:00Z,6.67,84375.0
270777,"Jigar Colony, Moradabad - UPPCB",,28.856664,78.772638,1562225,no2,µg/m³,2021-12-18T08:00:00Z,2022-10-31T02:00:00Z,2022-10-31T02:00:00Z,8.08,84375.0
270777,"Jigar Colony, Moradabad - UPPCB",,28.856664,78.772638,1562224,co,µg/m³,2021-12-18T08:00:00Z,2022-10-31T02:00:00Z,2022-10-31T02:00:00Z,740.0,84375.0
6969,"Huda Sector, Fatehabad - HSPCB",,29.503664,75.467934,14347156,pm25,µg/m³,2025-10-11T09:30:00Z,2026-09-17T14:30:00Z,2026-09-17T14:30:00Z,27.06,586275.0
6969,"Huda Sector, Fatehabad - HSPCB",,29.503664,75.467934,14347154,o3,µg/m³,2025-10-11T09:30:00Z,2026-09-17T14:30:00Z,2026-09-17T14:30:00Z,43.16,594325.0
6969,"Huda Sector, Fatehabad - HSPCB",,29.503664,75.467934,14347152,no2,ppb,2025-10-11T09:30:00Z,2026-09-17T14:30:00Z,2026-09-17T14:30:00Z,15.06,594800.0
6969,"Huda Sector, Fatehabad - HSPCB",,29.503664,75.467934,14347158,so2,ppb,2025-10-11T09:30:00Z,2026-09-17T01:30:00Z,2026-09-17T01:30:00Z,6.94,580875.0
6969,"Huda Sector, Fatehabad - HSPCB",,29.503664,75.467934,14347155,pm10,µg/m³,2025-10-11T09:30:00Z,2026-09-17T14:30:00Z,2026-09-17T14:30:00Z,75.08,586225.0
6969,"Huda Sector, Fatehabad - HSPCB",,29.503664,75.467934,14347150,co,ppb,2025-10-11T09:30:00Z,2026-09-17T14:30:00Z,2026-09-17T14:30:00Z,1.0,596275.0
6969,"Huda Sector, Fatehabad - HSPCB",,29.503664,75.467934,20108,so2,µg/m³,2019-02-13T00:15:00Z,2022-10-16T15:45:00Z,2022-10-16T15:45:00Z,9.22,701075.0
6969,"Huda Sector, Fatehabad - HSPCB",,29.503664,75.467934,20106,pm25,µg/m³,2019-02-13T00:15:00Z,2022-10-16T15:45:00Z,2022-10-16T15:45:00Z,94.4,700425.0
6969,"Huda Sector, Fatehabad - HSPCB",,29.503664,75.467934,20102,co,µg/m³,2019-02-13T00:15:00Z,2022-10-16T15:45:00Z,2022-10-16T15:45:00Z,490.0,700875.0
6969,"Huda Sector, Fatehabad - HSPCB",,29.503664,75.467934,20104,o3,µg/m³,2019-02-13T00:15:00Z,2022-10-16T15:45:00Z,2022-10-16T15:45:00Z,43.17,700800.0
6969,"Huda Sector, Fatehabad - HSPCB",,29.503664,75.467934,20103,no2,µg/m³,2019-02-13T00:15:00Z,2022-10-16T15:45:00Z,2022-10-16T15:45:00Z,23.73,700100.0
6969,"Huda Sector, Fatehabad - HSPCB",,29.503664,75.467934,20105,pm10,µg/m³,2019-02-13T00:15:00Z,2022-10-16T15:45:00Z,2022-10-16T15:45:00Z,198.3,700925.0
6964,"Patti Mehar, Ambala - HSPCB",,30.379589,76.778328,14258999,so2,ppb,2025-10-01T06:30:00Z,2026-09-17T14:30:00Z,2026-09-17T14:30:00Z,34.56,633400.0
6964,"Patti Mehar, Ambala - HSPCB",,30.379589,76.778328,14258992,co,ppb,2025-10-01T06:30:00Z,2026-09-17T14:30:00Z,2026-09-17T14:30:00Z,0.76,632025.0
6964,"Patti Mehar, Ambala - HSPCB",,30.379589,76.778328,14258996,pm10,µg/m³,2025-10-01T06:30:00Z,2026-09-17T14:30:00Z,2026-09-17T14:30:00Z,93.42,626450.0
6964,"Patti Mehar, Ambala - HSPCB",,30.379589,76.778328,14258995,o3,µg/m³,2025-10-01T06:30:00Z,2026-09-17T14:30:00Z,2026-09-17T14:30:00Z,37.32,629825.0
6964,"Patti Mehar, Ambala - HSPCB",,30.379589,76.778328,14258997,pm25,µg/m³,2025-10-01T06:30:00Z,2026-09-17T14:30:00Z,2026-09-17T14:30:00Z,28.99,631750.0
6964,"Patti Mehar, Ambala - HSPCB",,30.379589,76.778328,14258994,no2,ppb,2025-10-01T06:30:00Z,2026-09-17T14:30:00Z,2026-09-17T14:30:00Z,5.07,634200.0
6964,"Patti Mehar, Ambala - HSPCB",,30.379589,76.778328,20063,pm25,µg/m³,2019-02-13T00:15:00Z,2022-10-31T01:45:00Z,2022-10-31T01:45:00Z,115.58,748400.0
6964,"Patti Mehar, Ambala - HSPCB",,30.379589,76.778328,20061,o3,µg/m³,2019-02-13T00:15:00Z,2022-10-31T01:45:00Z,2022-10-31T01:45:00Z,7.91,748575.0
6964,"Patti Mehar, Ambala - HSPCB",,30.379589,76.778328,20058,co,µg/m³,2019-02-13T00:15:00Z,2022-10-31T01:45:00Z,2022-10-31T01:45:00Z,1230.0,748550.0
6964,"Patti Mehar, Ambala - HSPCB",,30.379589,76.778328,20062,pm10,µg/m³,2019-02-13T00:15:00Z,2022-10-31T01:45:00Z,2022-10-31T01:45:00Z,125.85,748425.0
6964,"Patti Mehar, Ambala - HSPCB",,30.379589,76.778328,20065,so2,µg/m³,2019-02-13T00:15:00Z,2022-10-31T01:45:00Z,2022-10-31T01:45:00Z,4.72,748450.0
6964,"Patti Mehar, Ambala - HSPCB",,30.379589,76.778328,20059,no2,µg/m³,2019-02-13T00:15:00Z,2022-10-31T01:45:00Z,2022-10-31T01:45:00Z,2.71,747950.0
5542,"Civil Line, Jalandhar - PPCB",,31.321907,75.578914,12235149,o3,µg/m³,2025-02-18T20:15:00Z,2026-09-17T14:30:00Z,2026-09-17T14:30:00Z,23.07,1094975.0
5542,"Civil Line, Jalandhar - PPCB",,31.321907,75.578914,12235150,pm10,µg/m³,2025-02-18T20:15:00Z,2026-09-17T14:30:00Z,2026-09-17T14:30:00Z,63.91,1097350.0
5542,"Civil Line, Jalandhar - PPCB",,31.321907,75.578914,12235148,no2,ppb,2025-02-18T20:15:00Z,2026-09-17T13:00:00Z,2026-09-17T13:00:00Z,36.83,1093150.0
5542,"Civil Line, Jalandhar - PPCB",,31.321907,75.578914,12235153,so2,ppb,2025-02-18T20:15:00Z,2026-09-17T14:30:00Z,2026-09-17T14:30:00Z,10.48,1095350.0
5542,"Civil Line, Jalandhar - PPCB",,31.321907,75.578914,12235151,pm25,µg/m³,2025-02-18T20:15:00Z,2026-09-17T14:30:00Z,2026-09-17T14:30:00Z,43.39,1089675.0
5542,"Civil Line, Jalandhar - PPCB",,31.321907,75.578914,12235146,co,ppb,2025-02-18T20:15:00Z,2026-09-17T14:30:00Z,2026-09-17T14:30:00Z,1.24,1094700.0
5542,"Civil Line, Jalandhar - PPCB",,31.321907,75.578914,15150,o3,µg/m³,2018-03-09T06:00:00Z,2022-10-31T02:00:00Z,2022-10-31T02:00:00Z,7.17,883575.0
5542,"Civil Line, Jalandhar - PPCB",,31.321907,75.578914,14623,so2,µg/m³,2018-03-09T06:00:00Z,2022-10-31T02:00:00Z,2022-10-31T02:00:00Z,15.91,873575.0
5542,"Civil Line, Jalandhar - PPCB",,31.321907,75.578914,15192,pm25,µg/m³,2018-03-09T06:00:00Z,2022-10-31T02:00:00Z,2022-10-31T02:00:00Z,55.86,882225.0
5542,"Civil Line, Jalandhar - PPCB",,31.321907,75.578914,15124,co,µg/m³,2018-03-09T06:00:00Z,2022-10-31T02:00:00Z,2022-10-31T02:00:00Z,720.0,883950.0
5542,"Civil Line, Jalandhar - PPCB",,31.321907,75.578914,15187,pm10,µg/m³,2018-03-09T04:00:00Z,2022-10-31T02:00:00Z,2022-10-31T02:00:00Z,102.82,882925.0
5542,"Civil Line, Jalandhar - PPCB",,31.321907,75.578914,15133,no2,µg/m³,2018-03-09T06:00:00Z,2022-10-31T02:00:00Z,2022-10-31T02:00:00Z,25.07,882025.0
220265,"Rajbagh, Srinagar - JKSPCB",,34.06621,74.81982,12251171,no2,ppb,2025-02-20T05:30:00Z,2026-09-17T14:30:00Z,2026-09-17T14:30:00Z,15.15,843875.0
220265,"Rajbagh, Srinagar - JKSPCB",,34.06621,74.81982,12251174,pm25,µg/m³,2025-02-20T05:15:00Z,2026-09-17T14:30:00Z,2026-09-17T14:30:00Z,10.8,845050.0
220265,"Rajbagh, Srinagar - JKSPCB",,34.06621,74.81982,12251172,o3,µg/m³,2025-02-20T05:45:00Z,2026-09-17T14:30:00Z,2026-09-17T14:30:00Z,0.49,834725.0
220265,"Rajbagh, Srinagar - JKSPCB",,34.06621,74.81982,12251169,co,ppb,2025-02-20T05:30:00Z,2026-09-17T14:30:00Z,2026-09-17T14:30:00Z,0.3,848825.0
220265,"Rajbagh, Srinagar - JKSPCB",,34.06621,74.81982,12251173,pm10,µg/m³,2025-02-20T05:15:00Z,2026-09-17T14:30:00Z,2026-09-17T14:30:00Z,28.3,847250.0
220265,"Rajbagh, Srinagar - JKSPCB",,34.06621,74.81982,12251176,so2,ppb,2025-02-20T05:30:00Z,2026-09-17T14:30:00Z,2026-09-17T14:30:00Z,2.81,843825.0
220265,"Rajbagh, Srinagar - JKSPCB",,34.06621,74.81982,1186323,pm10,µg/m³,2021-02-09T07:00:00Z,2022-10-16T16:00:00Z,2022-10-16T16:00:00Z,240.8,164225.0
220265,"Rajbagh, Srinagar - JKSPCB",,34.06621,74.81982,1186319,pm25,µg/m³,2021-02-09T07:00:00Z,2022-10-16T16:00:00Z,2022-10-16T16:00:00Z,138.4,164200.0
220265,"Rajbagh, Srinagar - JKSPCB",,34.06621,74.81982,1186324,no2,µg/m³,2021-02-09T07:00:00Z,2022-10-16T16:00:00Z,2022-10-16T16:00:00Z,0.0,164100.0
220265,"Rajbagh, Srinagar - JKSPCB",,34.06621,74.81982,1186321,co,µg/m³,2021-02-09T07:00:00Z,2022-10-16T16:00:00Z,2022-10-16T16:00:00Z,390.0,164175.0
220265,"Rajbagh, Srinagar - JKSPCB",,34.06621,74.81982,1186320,o3,µg/m³,2021-02-09T07:00:00Z,2022-10-16T16:00:00Z,2022-10-16T16:00:00Z,8.0,164300.0
220265,"Rajbagh, Srinagar - JKSPCB",,34.06621,74.81982,1186322,so2,µg/m³,2021-02-09T07:00:00Z,2022-10-16T16:00:00Z,2022-10-16T16:00:00Z,0.0,164300.0
